Zeitstempel;Niederschlag;Luftfeuchtigkeit;Globalstrahlung [W/m2];Lufttemperatur;Windgeschwindigkeit;Windrichtung
2023-05-07T19:00:01+02:00;0.2;71.39;65.0;17.94;1.7;19.0
2023-05-07T23:00:01+02:00;0.4;94.71;0.0;15.0;0.8;309.0
2023-05-08T03:00:01+02:00;0.0;95.42;0.0;14.65;0.7;290.0
2023-05-08T14:00:01+02:00;0.0;77.39;266.0;16.86;1.0;42.0
2023-05-08T15:00:01+02:00;0.0;72.82;302.0;17.73;1.3;80.0
2023-05-08T18:00:01+02:00;0.0;64.12;257.0;19.66;0.7;165.0
2023-05-08T19:00:01+02:00;1.4;70.96;84.0;19.01;0.7;269.0
2023-04-30T06:00:01+02:00;0.0;87.35;0.0;10.98;0.7;162.0
2023-04-30T08:00:01+02:00;0.0;89.17;69.0;10.92;0.6;152.0
2023-04-30T13:00:01+02:00;0.0;65.73;493.0;15.69;0.8;106.0
2023-04-30T09:00:01+02:00;0.0;89.5;163.0;11.28;0.8;146.0
2023-04-30T11:00:01+02:00;0.0;78.78;410.0;13.23;0.9;160.0
2023-05-01T05:00:01+02:00;2.0;96.11;0.0;11.28;0.1;355.0
2023-05-01T06:00:01+02:00;0.8;99.51;0.0;11.23;0.0;109.0
2023-05-01T11:00:01+02:00;1.0;99.68;109.0;11.88;0.2;285.0
2023-05-01T17:00:01+02:00;0.0;53.4;248.0;16.75;1.7;52.0
2023-04-30T19:00:01+02:00;0.0;53.21;47.0;17.62;0.9;170.0
2023-05-01T00:00:01+02:00;0.0;60.2;0.0;14.66;0.6;37.0
2023-05-01T01:00:01+02:00;0.0;60.94;0.0;14.25;0.6;87.0
2023-05-01T02:00:01+02:00;0.0;66.17;0.0;13.61;0.6;59.0
2023-05-01T09:00:01+02:00;3.0;99.99;24.0;11.1;0.0;324.0
2023-05-01T13:00:01+02:00;0.0;81.09;405.0;14.49;0.8;299.0
2023-05-01T15:00:01+02:00;0.0;67.44;405.0;16.0;1.0;299.0
2023-05-02T12:00:01+02:00;0.0;62.86;581.0;14.99;1.2;130.0
2023-05-02T14:00:01+02:00;0.0;52.61;678.0;17.07;1.2;120.0
2023-05-01T21:00:02+02:00;0.0;64.57;0.0;15.0;0.6;347.0
2023-05-01T23:00:01+02:00;0.2;69.73;0.0;14.12;0.3;230.0
2023-05-02T03:00:01+02:00;0.0;93.73;0.0;11.16;0.5;162.0
2023-05-02T04:00:01+02:00;0.0;93.3;0.0;10.97;0.4;140.0
2023-05-02T10:00:01+02:00;0.0;73.37;481.0;13.5;0.7;150.0
2023-05-02T17:00:01+02:00;0.0;37.93;640.0;19.0;1.3;118.0
2023-05-02T18:00:01+02:00;0.0;37.57;250.0;19.04;1.3;150.0
2023-05-03T04:00:01+02:00;0.0;86.39;0.0;9.75;0.8;130.0
2023-05-03T05:00:01+02:00;0.0;86.43;0.0;9.09;0.6;101.0
2023-05-03T09:00:01+02:00;0.0;80.73;299.0;9.14;0.5;206.0
2023-05-03T10:00:01+02:00;0.0;76.09;453.0;11.03;0.7;209.0
2023-05-03T13:00:01+02:00;0.0;63.79;807.0;14.78;1.2;121.0
2023-05-03T16:00:01+02:00;0.0;46.98;705.0;19.93;1.2;185.0
2023-05-03T17:00:01+02:00;0.0;35.63;583.0;20.75;1.7;258.0
2023-05-04T00:00:01+02:00;0.0;60.0;0.0;14.52;0.6;237.0
2023-05-04T02:00:01+02:00;0.0;69.76;0.0;12.68;0.6;192.0
2023-05-04T15:00:01+02:00;0.0;36.22;790.0;23.85;1.5;249.0
2023-05-04T03:00:01+02:00;0.0;74.95;0.0;11.74;0.6;171.0
2023-05-04T05:00:01+02:00;0.0;80.95;0.0;10.61;0.6;165.0
2023-05-04T07:00:01+02:00;0.0;82.26;13.0;9.84;0.6;181.0
2023-05-04T08:00:01+02:00;0.0;77.53;176.0;10.86;0.8;233.0
2023-05-04T13:00:01+02:00;0.0;47.31;791.0;21.15;1.2;252.0
2023-05-04T16:00:01+02:00;0.0;34.15;659.0;24.8;1.3;265.0
2023-05-04T17:00:01+02:00;0.0;33.83;547.0;25.59;1.1;239.0
2023-05-06T10:00:01+02:00;0.0;85.56;279.0;16.24;0.5;178.0
2023-05-06T07:00:01+02:00;0.0;99.4;8.0;13.47;0.4;250.0
2023-05-06T09:00:01+02:00;0.0;93.81;181.0;14.73;0.4;246.0
2023-05-06T15:00:01+02:00;0.0;53.33;723.0;21.35;1.3;138.0
2023-05-06T16:00:01+02:00;0.0;48.55;558.0;21.82;1.4;112.0
2023-05-05T19:00:01+02:00;0.2;95.41;59.0;15.96;0.6;289.0
2023-05-04T22:00:01+02:00;0.0;41.52;0.0;22.35;1.7;51.0
2023-05-04T23:00:01+02:00;0.0;43.36;0.0;21.47;0.6;326.0
2023-05-05T01:00:01+02:00;0.0;61.72;0.0;18.01;0.5;256.0
2023-05-05T02:00:01+02:00;0.0;67.87;0.0;16.82;0.9;269.0
2023-05-05T04:00:01+02:00;0.0;75.52;0.0;15.3;0.8;272.0
2023-05-05T08:00:01+02:00;0.0;80.18;75.0;14.8;0.7;264.0
2023-05-05T09:00:01+02:00;0.2;78.72;114.0;15.46;1.0;266.0
2023-05-05T11:00:01+02:00;0.0;62.77;546.0;19.99;0.9;217.0
2023-05-05T14:00:01+02:00;0.0;48.92;771.0;23.5;1.3;152.0
2023-05-05T15:00:01+02:00;0.0;46.91;427.0;24.03;1.2;196.0
2023-05-05T17:00:01+02:00;4.4;87.2;21.0;15.59;1.4;63.0
2023-05-06T21:00:01+02:00;0.0;55.28;4.0;20.76;0.9;178.0
2023-05-06T23:00:01+02:00;0.0;74.62;0.0;17.43;0.3;224.0
2023-05-07T01:00:01+02:00;0.0;80.32;0.0;15.93;0.3;283.0
2023-05-07T03:00:01+02:00;0.0;89.75;0.0;14.14;0.6;253.0
2023-05-07T02:00:01+02:00;0.0;87.22;0.0;14.7;0.5;267.0
2023-05-07T05:00:01+02:00;0.0;93.73;0.0;12.85;0.7;231.0
2023-05-07T07:00:02+02:00;0.0;92.81;25.0;12.46;0.7;237.0
2023-05-07T10:00:01+02:00;0.0;71.76;472.0;17.51;0.6;227.0
2023-05-07T14:00:01+02:00;0.0;69.95;280.0;18.79;1.6;59.0
2023-05-07T17:00:01+02:00;0.0;71.56;520.0;19.54;0.8;255.0
2023-05-08T23:00:01+02:00;0.0;98.67;0.0;14.7;0.5;276.0
2023-05-09T00:00:01+02:00;0.0;99.11;0.0;14.39;0.6;273.0
2023-05-09T01:00:01+02:00;0.0;99.67;0.0;14.12;0.8;279.0
2023-05-09T04:00:01+02:00;0.0;99.98;0.0;12.6;0.7;291.0
2023-05-09T05:00:01+02:00;0.0;99.98;0.0;12.49;0.7;266.0
2023-05-09T09:00:01+02:00;0.0;96.62;117.0;13.68;1.1;276.0
2023-04-30T05:00:01+02:00;0.0;86.67;0.0;11.02;0.7;162.0
2023-04-30T07:00:01+02:00;0.0;87.96;3.0;10.93;0.6;160.0
2023-04-30T10:00:01+02:00;0.0;86.08;304.0;11.93;0.9;138.0
2023-04-30T15:00:01+02:00;0.0;56.39;319.0;17.23;0.9;158.0
2023-04-30T16:00:01+02:00;0.0;53.18;251.0;17.79;0.8;165.0
2023-04-30T17:00:01+02:00;0.0;53.54;106.0;17.74;0.6;158.0
2023-05-18T17:00:01+02:00;0.0;46.86;208.0;16.3;1.1;270.0
2023-05-18T16:00:01+02:00;0.0;46.52;290.0;16.32;1.2;263.0
2023-05-13T06:00:01+02:00;0.0;94.12;0.0;11.82;0.8;136.0
2023-05-13T17:00:01+02:00;0.0;67.91;425.0;15.82;0.9;171.0
2023-05-11T23:00:01+02:00;2.0;91.96;0.0;11.62;0.4;140.0
2023-05-12T00:00:01+02:00;0.0;95.23;0.0;11.41;0.1;349.0
2023-05-12T01:00:01+02:00;0.0;94.38;0.0;11.21;0.0;304.0
2023-05-12T04:00:01+02:00;0.0;95.22;0.0;10.82;0.1;7.0
2023-05-12T11:00:01+02:00;0.0;87.71;156.0;12.0;0.6;170.0
2023-05-06T18:00:01+02:00;0.0;50.51;292.0;22.01;1.4;171.0
2023-05-05T00:00:01+02:00;0.0;51.65;0.0;19.91;0.4;245.0
2023-05-05T03:00:01+02:00;0.0;73.51;0.0;15.69;0.8;264.0
2023-05-05T05:00:01+02:00;0.0;78.25;0.0;14.87;1.1;269.0
2023-05-05T06:00:01+02:00;0.0;81.1;0.0;14.41;0.9;251.0
2023-05-05T07:00:01+02:00;0.0;81.78;0.0;14.42;0.8;264.0
2023-05-05T12:00:01+02:00;0.0;56.14;509.0;21.1;1.0;175.0
2023-05-05T16:00:01+02:00;13.6;62.85;10.0;20.69;2.7;130.0
2023-05-06T00:00:01+02:00;0.0;98.03;0.0;15.29;0.6;276.0
2023-05-05T22:00:01+02:00;0.0;93.36;0.0;16.0;1.3;277.0
2023-05-05T23:00:01+02:00;0.0;95.02;0.0;15.59;0.9;279.0
2023-05-06T01:00:01+02:00;0.0;98.89;0.0;14.99;0.5;281.0
2023-05-06T08:00:01+02:00;0.0;98.93;70.0;13.59;0.7;256.0
2023-05-06T05:00:01+02:00;0.0;99.99;0.0;13.63;0.2;154.0
2023-05-06T11:00:01+02:00;0.0;78.8;375.0;17.07;0.8;157.0
2023-05-06T13:00:01+02:00;0.0;69.92;742.0;19.28;1.2;155.0
2023-05-06T03:00:01+02:00;0.0;99.21;0.0;14.53;0.2;271.0
2023-05-03T22:00:02+02:00;0.0;47.74;0.0;16.94;1.0;257.0
2023-05-03T15:00:01+02:00;0.0;53.76;782.0;18.31;1.0;134.0
2023-05-03T11:00:01+02:00;0.0;72.27;625.0;12.4;1.1;157.0
2023-05-02T23:00:01+02:00;0.0;81.51;0.0;13.25;0.7;205.0
2023-05-03T01:00:01+02:00;0.0;91.85;0.0;11.47;0.6;186.0
2023-05-03T02:00:01+02:00;0.0;94.14;0.0;10.95;0.7;169.0
2023-05-03T07:00:01+02:00;0.0;87.77;15.0;7.8;0.7;42.0
2023-05-03T08:00:01+02:00;0.0;85.64;141.0;8.07;0.6;15.0
2023-05-03T12:00:01+02:00;0.0;71.17;683.0;13.23;1.2;145.0
2023-05-03T14:00:01+02:00;0.0;58.78;822.0;16.79;1.0;131.0
2023-05-03T19:00:01+02:00;0.0;36.07;200.0;20.25;1.3;257.0
2023-05-03T20:00:01+02:00;0.0;38.27;30.0;19.34;1.3;270.0
2023-05-04T09:00:01+02:00;0.0;66.51;343.0;13.47;1.3;258.0
2023-05-04T14:00:01+02:00;0.0;39.97;810.0;22.95;1.3;252.0
2023-05-01T16:00:01+02:00;0.0;55.74;278.0;16.95;1.2;15.0
2023-04-30T22:00:01+02:00;0.0;56.17;0.0;15.99;0.7;105.0
2023-04-30T23:00:01+02:00;0.0;57.5;0.0;15.33;0.7;70.0
2023-05-01T07:00:01+02:00;2.8;99.99;0.0;11.16;0.0;13.0
2023-05-01T12:00:01+02:00;0.0;94.72;306.0;12.87;0.7;264.0
2023-05-01T14:00:01+02:00;0.0;74.36;537.0;15.45;1.0;307.0
2023-04-30T20:00:01+02:00;0.0;52.8;27.0;17.33;0.9;160.0
2023-04-30T21:00:01+02:00;0.0;53.59;0.0;16.74;0.8;164.0
2023-05-02T00:00:01+02:00;0.4;77.93;0.0;13.19;0.7;122.0
2023-05-02T01:00:01+02:00;0.0;91.98;0.0;11.9;0.6;298.0
2023-05-02T06:00:01+02:00;0.0;95.43;0.0;10.09;0.3;64.0
2023-05-02T08:00:01+02:00;0.0;91.86;109.0;10.42;0.4;197.0
2023-05-02T09:00:01+02:00;0.0;79.77;249.0;12.18;0.5;237.0
2023-05-02T13:00:01+02:00;0.0;56.8;736.0;16.08;1.2;140.0
2023-05-02T20:00:01+02:00;0.0;55.4;85.0;16.54;0.8;232.0
2023-05-02T21:00:01+02:00;0.0;60.93;12.0;15.63;0.6;199.0
2023-05-04T21:00:01+02:00;0.0;37.43;3.0;24.19;1.7;111.0
2023-05-06T17:00:01+02:00;0.0;48.32;463.0;22.27;1.4;130.0
2023-05-06T20:00:01+02:00;0.0;49.68;66.0;21.94;1.0;169.0
2023-05-07T06:00:01+02:00;0.0;93.79;0.0;12.54;0.7;239.0
2023-05-07T08:00:01+02:00;0.0;89.89;80.0;13.03;0.9;249.0
2023-05-07T00:00:01+02:00;0.0;78.18;0.0;16.56;0.4;266.0
2023-05-07T11:00:01+02:00;0.0;66.04;339.0;18.68;0.8;184.0
2023-05-07T15:00:01+02:00;1.6;82.61;87.0;16.73;1.4;26.0
2023-05-07T16:00:01+02:00;0.0;78.37;446.0;18.24;0.6;251.0
2023-05-07T21:00:01+02:00;1.0;90.12;0.0;15.69;1.2;345.0
2023-05-08T01:00:01+02:00;0.0;94.08;0.0;14.87;0.7;304.0
2023-05-08T02:00:01+02:00;0.2;95.23;0.0;14.68;0.6;317.0
2023-05-08T11:00:01+02:00;0.0;92.87;114.0;16.01;0.5;235.0
2023-05-08T04:00:01+02:00;0.0;96.58;0.0;14.65;0.7;291.0
2023-05-08T06:00:01+02:00;0.0;93.77;0.0;14.71;0.6;290.0
2023-05-08T08:00:01+02:00;0.0;94.3;0.0;14.9;0.5;278.0
2023-05-09T03:00:01+02:00;0.0;99.52;0.0;13.28;1.0;270.0
2023-05-09T02:00:01+02:00;0.0;99.7;0.0;13.75;0.5;295.0
2023-05-08T22:00:01+02:00;0.0;93.93;0.0;15.39;0.9;275.0
2023-05-08T21:00:01+02:00;0.0;93.18;0.0;15.63;0.5;220.0
2023-05-09T08:00:01+02:00;0.0;99.99;36.0;12.87;0.8;277.0
2023-05-11T09:00:01+02:00;0.0;80.42;182.0;11.84;1.0;109.0
2023-05-11T05:00:01+02:00;0.0;78.22;0.0;11.85;0.8;85.0
2023-05-11T08:00:01+02:00;0.0;82.86;101.0;11.44;0.6;55.0
2023-05-11T13:00:01+02:00;0.4;81.33;254.0;12.49;0.6;121.0
2023-05-11T14:00:01+02:00;0.0;70.58;403.0;13.84;1.0;62.0
2023-05-10T01:00:01+02:00;0.0;87.26;0.0;14.13;1.9;5.0
2023-05-10T05:00:01+02:00;0.0;85.71;0.0;13.75;0.9;7.0
2023-05-10T04:00:01+02:00;0.0;86.65;0.0;13.79;1.3;359.0
2023-05-10T06:00:01+02:00;0.0;83.61;0.0;13.42;0.8;356.0
2023-05-10T07:00:01+02:00;0.8;87.64;0.0;12.61;1.4;358.0
2023-05-10T08:00:01+02:00;2.2;94.19;10.0;12.05;0.7;357.0
2023-05-10T09:00:01+02:00;0.2;85.02;117.0;12.91;1.9;13.0
2023-05-10T12:00:01+02:00;0.0;61.58;452.0;14.28;1.8;39.0
2023-05-11T02:00:01+02:00;0.0;71.53;0.0;12.29;0.6;357.0
2023-05-11T03:00:01+02:00;0.0;72.67;0.0;12.21;0.5;42.0
2023-05-10T17:00:01+02:00;0.0;50.63;585.0;16.35;2.0;45.0
2023-05-10T21:00:01+02:00;0.0;64.92;10.0;14.3;1.2;16.0
2023-05-11T21:00:01+02:00;0.0;91.78;3.0;12.09;0.8;233.0
2023-05-12T18:00:01+02:00;0.0;58.15;339.0;16.91;1.4;168.0
2023-05-13T22:00:01+02:00;0.0;88.84;0.0;12.8;0.5;187.0
2023-05-13T23:00:01+02:00;0.0;90.29;0.0;11.97;0.0;190.0
2023-05-14T01:00:01+02:00;0.0;93.83;0.0;11.36;0.2;218.0
2023-05-14T02:00:01+02:00;0.0;96.23;0.0;11.07;0.1;158.0
2023-05-14T04:00:01+02:00;0.0;97.32;0.0;10.14;0.5;169.0
2023-05-14T06:00:01+02:00;0.0;97.64;0.0;9.96;0.4;164.0
2023-05-14T08:00:01+02:00;0.0;96.37;69.0;10.74;0.2;25.0
2023-05-14T09:00:01+02:00;0.0;92.13;131.0;11.16;0.4;29.0
2023-05-14T10:00:01+02:00;0.0;82.51;364.0;12.28;0.8;52.0
2023-05-13T19:00:01+02:00;0.0;86.86;48.0;13.42;0.9;179.0
2023-05-13T01:00:01+02:00;0.0;88.6;0.0;13.4;0.6;77.0
2023-05-13T04:00:01+02:00;0.0;95.97;0.0;12.63;0.7;143.0
2023-05-14T18:00:01+02:00;0.0;66.45;335.0;15.84;1.0;272.0
2023-05-14T20:00:01+02:00;0.0;67.88;23.0;15.4;0.7;88.0
2023-05-15T04:00:01+02:00;0.0;92.87;0.0;11.25;0.6;190.0
2023-05-15T08:00:01+02:00;0.0;88.68;78.0;11.24;0.6;211.0
2023-05-15T09:00:01+02:00;0.0;85.52;120.0;12.04;0.6;252.0
2023-05-15T10:00:01+02:00;0.0;82.19;156.0;12.95;0.5;215.0
2023-05-15T11:00:01+02:00;0.0;78.75;283.0;13.98;0.7;47.0
2023-05-15T12:00:01+02:00;0.0;73.69;322.0;14.98;0.6;52.0
2023-05-15T15:00:01+02:00;0.0;56.14;646.0;17.85;1.6;113.0
2023-05-15T18:00:01+02:00;0.0;53.6;241.0;17.1;0.5;298.0
2023-05-16T00:00:01+02:00;0.0;97.16;0.0;12.21;0.2;282.0
2023-05-16T02:00:01+02:00;0.0;98.18;0.0;11.64;0.0;290.0
2023-05-16T05:00:01+02:00;0.0;98.69;0.0;11.39;0.2;80.0
2023-05-16T06:00:01+02:00;0.2;94.1;0.0;11.75;0.9;66.0
2023-05-16T07:00:01+02:00;0.0;92.88;0.0;11.62;0.8;116.0
2023-05-16T09:00:01+02:00;1.0;95.87;12.0;10.98;0.9;110.0
2023-05-16T10:00:01+02:00;1.8;97.89;39.0;10.84;1.0;91.0
2023-05-16T11:00:01+02:00;1.0;97.61;35.0;10.71;1.1;97.0
2023-05-16T15:00:01+02:00;0.0;90.98;43.0;10.94;1.2;135.0
2023-05-16T19:00:01+02:00;0.0;83.39;0.0;10.31;1.2;150.0
2023-05-16T21:00:01+02:00;0.0;78.45;20.0;10.48;1.1;134.0
2023-05-17T02:00:01+02:00;0.0;78.81;0.0;9.83;0.8;167.0
2023-05-17T03:00:01+02:00;0.0;84.46;0.0;9.08;0.8;174.0
2023-05-17T09:00:01+02:00;0.0;70.75;421.0;9.59;0.9;143.0
2023-05-16T23:00:01+02:00;0.0;76.95;0.0;10.01;0.9;137.0
2023-05-17T06:00:01+02:00;0.0;82.43;0.0;8.08;0.7;141.0
2023-05-17T05:00:01+02:00;0.0;82.22;0.0;8.4;0.8;161.0
2023-05-17T12:00:01+02:00;0.0;55.47;493.0;12.79;1.4;171.0
2023-05-17T17:00:01+02:00;0.0;49.49;445.0;14.68;2.5;161.0
2023-05-17T18:00:01+02:00;0.0;50.75;194.0;14.38;2.2;159.0
2023-05-18T03:00:01+02:00;0.0;65.8;0.0;8.67;0.6;166.0
2023-05-18T04:00:01+02:00;0.0;69.02;0.0;8.31;0.4;157.0
2023-05-18T07:00:01+02:00;0.0;84.92;42.0;6.41;0.5;27.0
2023-05-18T08:00:01+02:00;0.0;82.42;173.0;6.97;0.6;111.0
2023-05-18T09:00:01+02:00;0.0;75.1;377.0;8.28;0.7;130.0
2023-05-18T10:00:01+02:00;0.0;68.49;523.0;10.07;0.8;119.0
2023-05-18T12:00:01+02:00;0.0;56.21;553.0;13.22;1.1;127.0
2023-05-17T23:00:01+02:00;0.0;58.34;0.0;11.61;1.1;168.0
2023-05-18T01:00:01+02:00;0.0;59.47;0.0;10.34;0.9;191.0
2023-05-18T20:00:02+02:00;0.0;49.56;29.0;15.55;0.8;271.0
2023-05-18T18:00:01+02:00;0.0;46.81;136.0;16.28;1.2;256.0
2023-05-18T19:00:01+02:00;0.0;48.95;74.0;15.87;1.0;266.0
2023-05-19T00:00:01+02:00;0.0;54.01;0.0;14.05;0.6;205.0
2023-05-19T01:00:01+02:00;0.0;56.26;0.0;13.68;0.7;194.0
2023-05-19T05:00:01+02:00;0.0;62.15;0.0;12.79;0.5;229.0
2023-05-19T06:00:01+02:00;0.0;68.85;0.0;12.39;0.6;139.0
2023-05-19T11:00:01+02:00;0.0;60.74;633.0;14.12;0.9;150.0
2023-05-19T13:00:01+02:00;0.0;55.46;448.0;15.69;0.9;149.0
2023-05-19T16:00:01+02:00;0.0;55.49;157.0;16.61;0.9;176.0
2023-05-19T22:00:01+02:00;0.0;58.09;0.0;15.01;0.9;250.0
2023-05-19T23:00:01+02:00;0.0;58.82;0.0;14.51;1.1;194.0
2023-05-20T00:00:01+02:00;0.0;59.12;0.0;14.33;0.9;200.0
2023-05-20T02:00:01+02:00;0.0;66.09;0.0;13.52;0.6;140.0
2023-05-20T04:00:01+02:00;0.0;68.84;0.0;13.33;0.7;33.0
2023-05-20T05:00:01+02:00;0.0;72.01;0.0;12.87;0.7;55.0
2023-05-20T06:00:01+02:00;0.0;73.04;0.0;12.7;0.6;14.0
2023-05-20T09:00:01+02:00;0.0;74.56;99.0;12.83;0.7;34.0
2023-05-20T10:00:01+02:00;0.0;73.33;126.0;13.26;0.5;180.0
2023-05-21T16:00:01+02:00;0.0;51.71;692.0;24.04;1.4;142.0
2023-04-30T12:00:01+02:00;0.0;73.09;565.0;14.46;0.9;121.0
2023-04-30T14:00:01+02:00;0.0;61.54;250.0;16.51;0.7;149.0
2023-05-01T03:00:01+02:00;0.2;76.24;0.0;12.75;0.5;14.0
2023-05-01T04:00:01+02:00;0.8;89.61;0.0;11.84;0.5;274.0
2023-05-01T08:00:01+02:00;2.2;99.98;3.0;10.99;0.1;320.0
2023-05-01T10:00:01+02:00;1.0;99.99;58.0;11.39;0.1;300.0
2023-05-01T18:00:01+02:00;0.0;51.05;239.0;17.06;1.7;29.0
2023-05-05T10:00:01+02:00;0.0;77.26;373.0;17.35;0.6;235.0
2023-05-05T13:00:01+02:00;0.0;54.3;702.0;21.96;1.1;144.0
2023-05-05T18:00:01+02:00;0.6;93.84;29.0;15.41;0.5;238.0
2023-04-30T18:00:01+02:00;0.0;52.67;73.0;17.8;0.7;157.0
2023-05-01T22:00:01+02:00;0.0;69.48;0.0;14.26;0.3;307.0
2023-05-01T20:00:01+02:00;0.0;57.68;55.0;15.82;0.9;336.0
2023-05-01T19:00:01+02:00;0.0;53.18;153.0;16.35;1.2;2.0
2023-05-02T02:00:01+02:00;0.0;91.02;0.0;11.58;0.5;135.0
2023-05-02T05:00:01+02:00;0.0;97.07;0.0;10.41;0.4;180.0
2023-05-02T07:00:01+02:00;0.0;96.65;7.0;9.84;0.7;175.0
2023-05-02T11:00:01+02:00;0.0;65.77;560.0;14.66;1.0;155.0
2023-05-02T15:00:01+02:00;0.0;47.87;783.0;17.79;1.4;144.0
2023-05-02T16:00:01+02:00;0.0;43.13;775.0;18.65;1.2;132.0
2023-05-02T19:00:01+02:00;0.0;45.38;274.0;18.28;1.4;173.0
2023-05-02T22:00:01+02:00;0.0;78.54;0.0;14.07;0.9;255.0
2023-05-03T00:00:01+02:00;0.0;85.8;0.0;12.4;0.6;185.0
2023-05-03T06:00:01+02:00;0.0;86.15;0.0;8.31;0.9;116.0
2023-05-03T03:00:01+02:00;0.0;91.77;0.0;10.01;0.7;165.0
2023-05-03T18:00:01+02:00;0.0;35.05;232.0;20.59;1.5;261.0
2023-05-03T21:00:01+02:00;0.0;42.87;0.0;18.01;1.3;264.0
2023-05-03T23:00:01+02:00;0.0;52.08;0.0;16.01;0.8;263.0
2023-05-04T04:00:01+02:00;0.0;76.57;0.0;11.43;0.6;165.0
2023-05-04T10:00:01+02:00;0.0;58.86;499.0;15.86;1.2;256.0
2023-05-04T01:00:01+02:00;0.0;64.06;0.0;13.67;0.7;218.0
2023-05-04T06:00:01+02:00;0.0;85.68;0.0;9.41;0.6;171.0
2023-05-04T11:00:01+02:00;0.0;56.34;617.0;17.34;1.0;247.0
2023-05-04T12:00:01+02:00;0.0;52.73;711.0;19.14;1.1;263.0
2023-05-04T18:00:01+02:00;0.0;33.27;258.0;25.43;1.3;247.0
2023-05-04T19:00:01+02:00;0.0;34.07;184.0;25.41;0.8;210.0
2023-05-04T20:00:01+02:00;0.0;34.51;78.0;24.99;0.8;159.0
2023-05-05T20:00:01+02:00;0.0;89.19;45.0;17.0;0.6;283.0
2023-05-05T21:00:01+02:00;0.0;87.91;0.0;16.91;0.7;284.0
2023-05-06T02:00:01+02:00;0.0;98.54;0.0;14.89;0.5;281.0
2023-05-06T04:00:01+02:00;0.0;99.97;0.0;13.84;0.2;240.0
2023-05-06T06:00:01+02:00;0.0;99.99;0.0;13.31;0.2;178.0
2023-05-06T12:00:01+02:00;0.0;72.44;706.0;18.49;0.9;152.0
2023-05-06T14:00:01+02:00;0.0;63.13;772.0;20.33;1.2;144.0
2023-05-06T19:00:01+02:00;0.0;49.64;184.0;22.13;1.2;162.0
2023-05-06T22:00:01+02:00;0.0;63.92;0.0;19.29;0.6;187.0
2023-05-08T05:00:01+02:00;0.0;94.99;0.0;14.65;0.7;293.0
2023-05-08T07:00:01+02:00;0.0;93.54;0.0;14.77;0.6;294.0
2023-05-08T00:00:01+02:00;0.2;94.97;0.0;14.96;0.7;297.0
2023-05-08T10:00:01+02:00;1.0;96.35;129.0;15.16;0.4;289.0
2023-05-08T09:00:01+02:00;1.0;92.33;27.0;15.22;0.5;247.0
2023-05-08T12:00:01+02:00;0.2;91.17;148.0;15.91;0.7;286.0
2023-05-08T13:00:01+02:00;0.0;82.41;216.0;16.78;1.0;319.0
2023-05-07T20:00:01+02:00;0.0;77.31;35.0;17.15;1.7;6.0
2023-05-07T22:00:01+02:00;1.0;94.04;0.0;15.2;0.8;323.0
2023-05-07T13:00:01+02:00;0.0;65.33;532.0;19.46;1.4;100.0
2023-05-07T04:00:01+02:00;0.0;89.51;0.0;13.25;0.6;223.0
2023-05-07T09:00:01+02:00;0.0;83.29;306.0;14.45;1.0;266.0
2023-05-07T12:00:01+02:00;0.0;67.11;416.0;19.05;0.8;156.0
2023-05-07T18:00:01+02:00;0.0;60.19;148.0;20.08;2.0;47.0
2023-05-08T16:00:01+02:00;0.0;67.54;291.0;18.18;0.8;118.0
2023-05-08T17:00:01+02:00;0.0;65.93;355.0;19.14;0.8;86.0
2023-05-22T11:00:01+02:00;0.0;52.62;661.0;22.52;0.9;197.0
2023-05-22T17:00:01+02:00;0.0;39.75;565.0;26.48;1.9;69.0
2023-05-22T16:00:01+02:00;0.0;40.9;534.0;26.14;1.6;111.0
2023-05-22T03:00:01+02:00;0.0;88.91;0.0;15.4;0.7;251.0
2023-05-22T09:00:01+02:00;0.0;74.39;366.0;17.93;0.8;255.0
2023-05-22T02:00:01+02:00;0.0;84.86;0.0;16.41;0.5;247.0
2023-05-22T05:00:01+02:00;0.0;91.55;0.0;14.98;0.7;282.0
2023-05-22T07:00:01+02:00;0.0;91.98;37.0;14.2;0.6;249.0
2023-05-22T15:00:01+02:00;0.0;41.32;830.0;25.85;1.8;95.0
2023-05-22T19:00:01+02:00;0.0;48.63;91.0;25.28;1.0;148.0
2023-05-19T21:00:01+02:00;0.0;58.69;1.0;15.47;0.8;247.0
2023-05-20T19:00:01+02:00;0.0;65.87;82.0;18.37;0.7;236.0
2023-05-20T22:00:01+02:00;0.0;88.63;0.0;16.25;0.3;251.0
2023-05-21T09:00:01+02:00;0.0;83.18;297.0;15.23;0.5;143.0
2023-05-20T23:00:01+02:00;0.0;88.14;0.0;15.9;0.5;281.0
2023-05-21T00:00:01+02:00;0.0;87.03;0.0;15.63;0.6;290.0
2023-05-21T07:00:02+02:00;0.0;90.11;25.0;13.6;0.5;341.0
2023-05-21T08:00:01+02:00;0.0;89.54;136.0;13.97;0.4;252.0
2023-05-21T13:00:01+02:00;0.0;66.78;853.0;19.66;1.1;148.0
2023-05-21T21:00:01+02:00;0.0;55.59;4.0;22.85;1.0;182.0
2023-05-22T23:00:01+02:00;0.0;73.23;0.0;19.8;0.4;242.0
2023-05-23T00:00:01+02:00;0.0;82.19;0.0;18.57;0.4;268.0
2023-05-23T05:00:01+02:00;0.0;88.31;0.0;16.04;0.7;347.0
2023-05-23T07:00:01+02:00;0.0;88.55;41.0;16.05;0.5;90.0
2023-05-23T12:00:01+02:00;0.0;77.2;410.0;19.16;1.3;105.0
2023-05-23T10:00:01+02:00;0.0;82.35;294.0;18.07;1.1;110.0
2023-05-23T14:00:01+02:00;0.0;62.11;780.0;21.75;2.0;127.0
2023-05-25T02:00:01+02:00;0.0;62.39;0.0;12.24;0.7;152.0
2023-05-25T05:00:01+02:00;0.0;65.78;0.0;11.17;0.7;149.0
2023-05-25T06:00:01+02:00;0.0;63.07;0.0;11.21;0.7;150.0
2023-05-25T15:00:01+02:00;0.0;50.46;554.0;19.6;0.9;158.0
2023-05-25T16:00:01+02:00;0.0;49.46;598.0;20.62;1.1;200.0
2023-05-23T17:00:01+02:00;0.0;55.83;602.0;21.79;2.6;148.0
2023-05-23T22:00:01+02:00;0.0;60.77;0.0;18.34;1.2;169.0
2023-05-23T23:00:01+02:00;0.6;82.6;0.0;16.61;1.1;277.0
2023-05-24T05:00:01+02:00;0.0;71.14;0.0;13.32;1.3;100.0
2023-05-24T13:00:01+02:00;0.0;76.23;78.0;12.57;1.2;111.0
2023-05-24T16:00:01+02:00;0.0;74.1;236.0;14.12;1.0;298.0
2023-05-24T17:00:01+02:00;0.0;72.47;317.0;14.7;1.2;280.0
2023-06-01T19:00:01+02:00;0.0;33.79;176.0;27.18;1.3;131.0
2023-06-02T15:00:01+02:00;0.0;41.46;835.0;23.84;1.4;138.0
2023-06-02T14:00:01+02:00;0.0;45.74;870.0;22.44;1.6;143.0
2023-06-02T12:00:01+02:00;0.0;53.57;780.0;19.72;1.2;133.0
2023-06-02T11:00:01+02:00;0.0;58.43;670.0;17.97;1.1;116.0
2023-06-02T05:00:01+02:00;0.0;58.13;0.0;17.17;1.0;74.0
2023-06-02T03:00:01+02:00;0.0;54.27;0.0;18.72;0.7;93.0
2023-06-01T23:00:01+02:00;0.0;41.16;0.0;23.58;0.9;120.0
2023-06-01T22:00:01+02:00;0.0;38.78;0.0;24.38;1.1;143.0
2023-06-02T17:00:01+02:00;0.0;39.13;625.0;25.16;1.6;131.0
2023-06-01T12:00:01+02:00;0.0;41.6;771.0;22.36;1.0;114.0
2023-06-01T06:00:01+02:00;0.0;66.99;0.0;14.42;0.3;265.0
2023-06-01T09:00:01+02:00;0.0;54.94;371.0;17.72;0.6;251.0
2023-06-01T07:00:01+02:00;0.0;67.41;35.0;14.5;0.6;264.0
2023-06-01T10:00:01+02:00;0.0;46.13;525.0;19.76;0.8;129.0
2023-06-01T13:00:01+02:00;0.0;38.99;837.0;23.54;1.1;136.0
2023-06-01T14:00:01+02:00;0.0;36.84;856.0;24.85;1.2;134.0
2023-06-01T15:00:01+02:00;0.0;35.98;819.0;25.75;1.0;143.0
2023-06-01T16:00:01+02:00;0.0;36.51;735.0;26.06;1.2;132.0
2023-06-01T17:00:01+02:00;0.0;35.54;598.0;26.87;1.1;134.0
2023-06-03T03:00:01+02:00;0.0;53.13;0.0;16.03;0.8;14.0
2023-05-08T20:00:01+02:00;1.6;88.58;2.0;16.71;1.1;199.0
2023-05-09T06:00:01+02:00;0.2;99.99;0.0;12.37;0.6;274.0
2023-05-09T07:00:01+02:00;0.0;99.99;0.0;12.38;0.9;275.0
2023-05-09T10:00:01+02:00;0.0;84.95;401.0;15.68;1.0;268.0
2023-05-09T11:00:01+02:00;0.0;71.62;591.0;17.85;0.9;251.0
2023-05-09T13:00:01+02:00;0.0;62.02;590.0;20.03;1.4;245.0
2023-05-09T14:00:01+02:00;0.0;56.36;612.0;20.82;1.2;232.0
2023-05-09T17:00:01+02:00;4.2;86.65;70.0;17.43;1.2;67.0
2023-05-09T19:00:01+02:00;2.6;97.68;24.0;15.79;0.7;190.0
2023-05-09T21:00:01+02:00;1.6;93.51;0.0;14.96;1.2;34.0
2023-05-12T06:00:01+02:00;0.0;98.51;0.0;10.62;0.0;163.0
2023-05-12T08:00:01+02:00;0.0;88.65;45.0;11.11;0.6;70.0
2023-05-12T03:00:01+02:00;0.0;96.66;0.0;10.9;0.0;5.0
2023-05-12T12:00:01+02:00;0.0;79.48;433.0;13.07;0.8;155.0
2023-05-12T13:00:01+02:00;0.0;69.32;706.0;14.92;0.7;140.0
2023-05-12T14:00:01+02:00;0.0;64.22;577.0;15.73;1.1;167.0
2023-05-12T15:00:01+02:00;0.0;61.3;662.0;16.44;1.1;163.0
2023-05-12T16:00:01+02:00;0.0;54.56;489.0;17.19;1.0;179.0
2023-05-12T02:00:01+02:00;0.0;96.04;0.0;10.92;0.0;353.0
2023-05-10T02:00:01+02:00;0.0;86.22;0.0;13.98;1.6;13.0
2023-05-10T03:00:01+02:00;0.0;87.6;0.0;13.73;1.1;3.0
2023-05-09T23:00:01+02:00;0.4;93.17;0.0;14.16;1.2;356.0
2023-05-10T10:00:01+02:00;0.0;78.11;326.0;13.31;1.9;19.0
2023-05-10T13:00:01+02:00;0.0;57.84;474.0;14.98;1.9;23.0
2023-05-10T15:00:01+02:00;0.0;55.26;392.0;15.41;2.0;50.0
2023-05-10T18:00:01+02:00;0.0;54.12;403.0;16.27;2.3;49.0
2023-05-10T19:00:01+02:00;0.0;59.72;190.0;15.34;2.0;41.0
2023-05-10T20:00:01+02:00;0.0;61.47;60.0;15.12;1.7;24.0
2023-05-10T22:00:01+02:00;0.0;71.01;0.0;13.27;0.7;8.0
2023-05-11T00:00:01+02:00;0.0;70.79;0.0;12.37;0.8;28.0
2023-05-11T06:00:01+02:00;0.0;83.76;0.0;11.33;0.7;119.0
2023-05-11T11:00:01+02:00;0.0;70.69;141.0;13.18;0.9;120.0
2023-05-11T12:00:01+02:00;4.6;82.28;90.0;11.9;0.8;141.0
2023-05-11T15:00:01+02:00;0.0;69.49;525.0;14.23;1.3;29.0
2023-05-11T17:00:01+02:00;0.2;68.02;297.0;13.7;1.6;79.0
2023-05-11T20:00:01+02:00;0.6;88.02;36.0;12.53;0.8;246.0
2023-05-11T19:00:01+02:00;0.0;79.12;145.0;13.44;1.0;281.0
2023-05-12T21:00:01+02:00;0.0;72.66;19.0;15.26;0.9;172.0
2023-05-12T23:00:01+02:00;0.0;84.27;0.0;13.97;0.8;101.0
2023-05-13T02:00:01+02:00;0.0;93.84;0.0;12.94;0.7;83.0
2023-05-13T03:00:01+02:00;0.0;95.41;0.0;12.78;0.8;112.0
2023-05-13T05:00:01+02:00;0.0;95.99;0.0;12.19;0.9;133.0
2023-05-13T07:00:01+02:00;0.0;92.69;13.0;11.61;0.7;141.0
2023-05-13T08:00:01+02:00;0.0;92.11;74.0;11.59;0.8;141.0
2023-05-13T21:00:01+02:00;0.0;85.0;0.0;13.61;0.6;242.0
2023-05-13T20:00:01+02:00;0.2;89.93;29.0;13.45;0.1;267.0
2023-05-14T03:00:01+02:00;0.0;98.22;0.0;10.49;0.1;163.0
2023-05-14T00:00:01+02:00;0.0;93.34;0.0;11.58;0.0;188.0
2023-05-14T05:00:01+02:00;0.0;97.38;0.0;10.21;0.0;170.0
2023-05-14T07:00:01+02:00;0.0;98.62;2.0;10.44;0.4;145.0
2023-05-14T11:00:01+02:00;0.0;81.14;380.0;13.03;0.9;128.0
2023-05-14T12:00:01+02:00;0.0;78.52;423.0;14.02;0.7;132.0
2023-05-14T14:00:01+02:00;0.4;73.5;340.0;15.62;0.7;198.0
2023-05-14T15:00:01+02:00;0.0;59.14;449.0;17.14;0.8;161.0
2023-05-14T16:00:01+02:00;0.0;55.38;481.0;17.88;0.9;172.0
2023-05-13T10:00:02+02:00;0.0;89.91;65.0;11.86;0.9;134.0
2023-05-13T12:00:01+02:00;0.0;83.82;209.0;12.84;0.9;150.0
2023-05-13T15:00:01+02:00;0.0;66.47;281.0;15.33;0.8;162.0
2023-05-13T16:00:01+02:00;0.0;70.84;191.0;15.13;0.8;186.0
2023-05-13T18:00:01+02:00;4.6;82.09;72.0;14.28;1.0;162.0
2023-05-14T22:00:01+02:00;0.2;82.47;0.0;13.96;0.4;325.0
2023-05-15T01:00:01+02:00;0.0;92.1;0.0;12.14;0.6;231.0
2023-05-15T00:00:01+02:00;0.0;87.47;0.0;12.76;0.8;289.0
2023-05-15T03:00:01+02:00;0.0;95.53;0.0;11.28;0.6;183.0
2023-05-15T05:00:01+02:00;0.0;95.13;0.0;10.7;0.6;173.0
2023-05-15T06:00:01+02:00;0.0;96.65;0.0;10.47;0.6;165.0
2023-05-15T07:00:01+02:00;0.0;96.25;27.0;10.64;0.5;188.0
2023-05-15T17:00:01+02:00;0.0;58.46;200.0;16.62;0.8;84.0
2023-05-19T17:00:02+02:00;0.0;55.32;104.0;16.7;1.0;175.0
2023-05-18T21:00:01+02:00;0.0;51.57;0.0;15.08;0.6;271.0
2023-05-18T22:00:01+02:00;0.0;54.02;0.0;14.65;0.6;219.0
2023-05-18T23:00:01+02:00;0.0;54.44;0.0;14.32;0.6;218.0
2023-05-19T03:00:01+02:00;0.0;58.86;0.0;13.19;0.5;249.0
2023-05-19T04:00:01+02:00;0.0;61.06;0.0;12.95;0.5;270.0
2023-05-19T08:00:01+02:00;0.0;75.21;58.0;10.62;1.1;123.0
2023-05-19T09:00:01+02:00;0.0;73.59;294.0;11.04;0.9;136.0
2023-05-19T10:00:01+02:00;0.0;68.42;498.0;12.47;0.9;145.0
2023-05-19T14:00:01+02:00;0.0;56.31;243.0;15.98;1.0;171.0
2023-05-19T15:00:01+02:00;0.0;56.31;173.0;16.26;1.2;170.0
2023-05-19T18:00:01+02:00;0.0;56.18;64.0;16.68;0.7;209.0
2023-05-15T21:00:01+02:00;3.8;92.32;0.0;12.71;0.8;233.0
2023-05-16T01:00:01+02:00;0.0;97.39;0.0;11.85;0.1;271.0
2023-05-16T17:00:01+02:00;0.0;85.41;59.0;10.87;1.7;148.0
2023-05-16T08:00:01+02:00;0.4;94.94;0.0;11.43;0.7;120.0
2023-05-16T12:00:01+02:00;1.8;95.98;67.0;10.74;1.0;128.0
2023-05-16T13:00:01+02:00;0.8;95.04;77.0;10.91;1.0;130.0
2023-05-16T14:00:01+02:00;0.2;92.34;34.0;11.04;1.1;134.0
2023-05-16T20:00:01+02:00;0.0;81.63;24.0;10.23;1.0;152.0
2023-05-17T16:00:01+02:00;0.0;49.42;407.0;14.78;2.3;162.0
2023-05-17T10:00:01+02:00;0.0;67.36;429.0;10.49;1.0;144.0
2023-05-17T11:00:01+02:00;0.0;61.01;391.0;11.86;1.1;158.0
2023-05-17T15:00:01+02:00;0.0;49.36;564.0;14.77;2.1;166.0
2023-05-18T00:00:01+02:00;0.0;60.22;0.0;10.76;0.8;180.0
2023-05-17T22:00:01+02:00;0.0;58.49;0.0;12.23;1.4;159.0
2023-05-18T06:00:01+02:00;0.0;81.65;0.0;6.87;0.5;114.0
2023-05-18T11:00:01+02:00;0.0;60.13;695.0;12.21;1.0;141.0
2023-05-18T13:00:01+02:00;0.0;51.25;631.0;14.75;1.3;108.0
2023-05-19T19:00:01+02:00;0.0;57.51;50.0;16.34;0.8;272.0
2023-05-19T20:00:01+02:00;0.0;58.37;28.0;15.76;1.1;262.0
2023-05-20T15:00:01+02:00;0.0;60.74;328.0;18.45;0.7;198.0
2023-05-20T12:00:01+02:00;0.0;68.77;312.0;14.79;0.6;158.0
2023-05-20T08:00:01+02:00;0.0;74.48;43.0;12.69;0.6;353.0
2023-05-20T11:00:01+02:00;0.0;71.65;155.0;13.94;0.4;302.0
2023-05-20T01:00:01+02:00;0.0;60.02;0.0;14.29;0.8;167.0
2023-05-20T13:00:01+02:00;0.0;61.81;456.0;16.56;0.5;203.0
2023-05-20T17:00:01+02:00;0.0;59.87;187.0;18.87;0.7;289.0
2023-05-26T19:00:01+02:00;0.0;44.75;140.0;23.92;2.7;157.0
2023-05-26T21:00:01+02:00;0.0;48.35;18.0;22.26;1.7;162.0
2023-05-24T18:00:01+02:00;0.0;68.27;458.0;15.94;1.1;269.0
2023-05-24T02:00:01+02:00;0.0;73.77;0.0;15.26;1.2;127.0
2023-05-24T00:00:01+02:00;0.0;86.19;0.0;15.9;0.9;278.0
2023-05-24T01:00:01+02:00;0.0;78.51;0.0;15.8;0.9;54.0
2023-05-24T04:00:01+02:00;0.0;71.98;0.0;13.78;1.0;125.0
2023-05-24T06:00:01+02:00;0.0;71.47;0.0;13.11;1.3;100.0
2023-05-24T08:00:01+02:00;0.0;73.6;33.0;12.49;1.2;102.0
2023-05-24T09:00:01+02:00;0.0;74.59;59.0;12.4;1.3;99.0
2023-05-24T12:00:01+02:00;0.0;79.52;96.0;12.13;1.2;108.0
2023-05-24T20:00:01+02:00;0.0;64.31;63.0;15.86;0.8;263.0
2023-05-23T18:00:01+02:00;0.0;57.29;337.0;21.07;2.4;135.0
2023-05-23T19:00:01+02:00;0.0;57.78;161.0;20.45;1.9;136.0
2023-05-20T18:00:01+02:00;0.0;61.35;194.0;18.7;0.8;282.0
2023-05-21T01:00:01+02:00;0.0;85.51;0.0;15.22;0.7;304.0
2023-05-21T02:00:01+02:00;0.0;87.27;0.0;14.89;0.6;296.0
2023-05-21T03:00:01+02:00;0.0;88.55;0.0;14.68;0.3;302.0
2023-05-21T10:00:01+02:00;0.0;79.63;346.0;16.04;0.7;97.0
2023-05-21T11:00:01+02:00;0.0;78.18;384.0;16.69;0.7;172.0
2023-05-21T14:00:01+02:00;0.0;59.29;825.0;21.51;1.1;170.0
2023-05-21T17:00:01+02:00;0.0;48.75;575.0;24.72;1.3;171.0
2023-05-22T06:00:01+02:00;0.0;93.15;0.0;14.32;0.6;264.0
2023-05-22T14:00:01+02:00;0.0;43.63;865.0;25.3;1.8;86.0
2023-05-22T12:00:01+02:00;0.0;49.46;771.0;23.62;1.2;143.0
2023-05-21T20:00:01+02:00;0.0;52.55;81.0;23.9;1.6;166.0
2023-06-03T06:00:01+02:00;0.0;70.82;0.0;13.16;0.0;247.0
2023-06-03T15:00:01+02:00;0.0;40.23;839.0;24.35;1.1;144.0
2023-05-21T19:00:01+02:00;0.0;46.31;288.0;24.75;1.7;156.0
2023-05-21T22:00:01+02:00;0.0;61.82;0.0;21.56;0.9;150.0
2023-05-24T23:00:01+02:00;0.0;59.66;0.0;14.41;0.8;189.0
2023-05-25T00:00:01+02:00;0.0;58.64;0.0;14.13;0.6;193.0
2023-05-25T03:00:01+02:00;0.0;64.03;0.0;11.51;0.8;149.0
2023-05-25T10:00:01+02:00;0.0;57.11;507.0;13.66;0.9;151.0
2023-05-25T11:00:01+02:00;0.0;54.52;685.0;14.87;0.9;121.0
2023-05-25T14:00:01+02:00;0.0;49.54;669.0;18.94;0.8;123.0
2023-05-23T03:00:01+02:00;0.0;90.12;0.0;15.94;0.5;233.0
2023-05-23T01:00:01+02:00;0.0;88.42;0.0;17.61;0.3;251.0
2023-05-23T06:00:01+02:00;0.0;92.12;0.0;15.22;0.5;271.0
2023-05-23T09:00:01+02:00;0.0;85.92;270.0;17.3;1.1;111.0
2023-05-25T19:00:01+02:00;0.0;49.12;142.0;21.62;1.3;139.0
2023-05-25T20:00:01+02:00;0.0;50.58;72.0;21.57;0.9;172.0
2023-05-26T01:00:01+02:00;0.0;75.01;0.0;17.42;0.6;248.0
2023-05-26T06:00:01+02:00;0.0;77.05;0.0;13.51;0.7;30.0
2023-05-26T09:00:01+02:00;0.0;75.36;347.0;14.59;0.7;27.0
2023-05-26T12:00:01+02:00;0.0;57.45;761.0;19.35;1.0;144.0
2023-05-26T16:00:01+02:00;0.0;46.04;722.0;23.98;1.7;146.0
2023-05-27T01:00:01+02:00;0.0;59.47;0.0;18.37;0.6;79.0
2023-05-27T02:00:01+02:00;0.0;62.02;0.0;17.34;0.6;65.0
2023-05-25T21:00:01+02:00;0.0;54.32;11.0;20.91;1.1;259.0
2023-05-26T02:00:01+02:00;0.0;82.35;0.0;16.25;0.5;275.0
2023-05-26T05:00:01+02:00;0.0;74.38;0.0;14.0;0.7;39.0
2023-05-26T10:00:01+02:00;0.0;71.44;517.0;16.2;0.7;137.0
2023-05-26T13:00:01+02:00;0.0;53.87;833.0;20.18;1.4;119.0
2023-05-26T14:00:01+02:00;0.0;50.51;847.0;21.9;1.7;132.0
2023-05-26T15:00:01+02:00;0.0;48.12;809.0;23.05;1.8;144.0
2023-05-27T04:00:01+02:00;0.0;69.0;0.0;15.55;0.6;75.0
2023-05-27T03:00:01+02:00;0.0;65.41;0.0;16.37;0.8;65.0
2023-05-26T20:00:01+02:00;0.0;46.69;63.0;23.05;2.7;159.0
2023-05-26T22:00:02+02:00;0.0;50.71;0.0;21.31;1.0;173.0
2023-05-26T23:00:01+02:00;0.0;54.65;0.0;20.22;0.6;200.0
2023-05-27T10:00:01+02:00;0.0;64.36;527.0;16.7;0.8;160.0
2023-05-27T11:00:01+02:00;0.0;58.74;663.0;17.92;1.0;158.0
2023-05-27T13:00:01+02:00;0.0;52.76;840.0;20.41;1.4;144.0
2023-05-27T17:00:01+02:00;0.0;42.82;603.0;25.0;1.7;135.0
2023-05-25T17:00:01+02:00;0.0;49.34;344.0;21.0;1.2;145.0
2023-05-27T22:00:01+02:00;0.0;51.31;0.0;21.88;1.1;174.0
2023-05-28T20:00:01+02:00;0.0;39.45;77.0;25.12;1.5;169.0
2023-05-29T05:00:01+02:00;0.0;74.87;0.0;13.29;0.6;241.0
2023-05-29T09:00:01+02:00;0.0;61.78;382.0;15.99;0.4;296.0
2023-05-29T18:00:01+02:00;0.0;27.83;391.0;26.94;1.4;194.0
2023-05-29T20:00:01+02:00;0.0;22.93;52.0;25.95;1.7;256.0
2023-05-30T17:00:01+02:00;0.0;39.92;620.0;25.19;1.8;137.0
2023-05-30T19:00:01+02:00;0.0;37.99;124.0;24.52;2.1;165.0
2023-05-30T20:00:01+02:00;0.0;38.35;79.0;24.19;1.8;165.0
2023-05-30T01:00:01+02:00;0.0;50.67;0.0;17.74;0.4;247.0
2023-05-30T12:00:01+02:00;0.0;52.34;724.0;19.88;1.1;138.0
2023-05-30T04:00:01+02:00;0.0;62.63;0.0;15.17;0.6;344.0
2023-05-30T07:00:01+02:00;0.0;78.64;40.0;14.04;0.7;358.0
2023-05-31T04:00:01+02:00;0.0;53.93;0.0;15.27;0.9;44.0
2023-05-31T02:00:01+02:00;0.0;53.6;0.0;17.64;0.8;74.0
2023-05-31T01:00:01+02:00;0.0;52.01;0.0;18.72;0.5;120.0
2023-05-31T19:00:01+02:00;0.0;29.75;125.0;26.37;1.7;265.0
2023-05-24T15:00:02+02:00;0.0;68.41;134.0;14.25;0.9;127.0
2023-05-24T10:00:01+02:00;0.0;77.04;90.0;12.1;1.3;116.0
2023-05-24T11:00:01+02:00;0.0;75.72;139.0;12.4;1.1;130.0
2023-05-24T03:00:01+02:00;0.0;73.75;0.0;14.53;1.1;117.0
2023-05-24T07:00:01+02:00;0.0;72.23;0.0;12.77;1.2;113.0
2023-05-31T20:00:01+02:00;0.0;29.79;46.0;25.55;1.8;264.0
2023-05-24T14:00:01+02:00;0.0;72.31;117.0;13.14;1.1;115.0
2023-05-22T21:00:01+02:00;0.0;67.32;0.0;20.6;0.9;28.0
2023-05-22T20:00:01+02:00;0.0;56.15;26.0;23.21;2.6;95.0
2023-05-22T22:00:01+02:00;0.0;69.61;0.0;20.38;0.5;261.0
2023-05-23T15:00:01+02:00;0.0;56.18;818.0;22.23;2.3;142.0
2023-05-28T13:00:01+02:00;0.0;46.02;835.0;21.96;1.6;125.0
2023-05-23T02:00:01+02:00;0.0;87.9;0.0;17.09;0.3;256.0
2023-05-28T01:00:01+02:00;0.0;67.18;0.0;17.64;0.3;218.0
2023-05-23T04:00:01+02:00;0.0;92.03;0.0;15.59;0.3;269.0
2023-05-28T04:00:01+02:00;0.0;83.33;0.0;13.87;0.2;212.0
2023-05-23T08:00:01+02:00;0.0;87.14;145.0;16.67;1.0;83.0
2023-05-28T06:00:01+02:00;0.0;86.75;0.0;12.75;0.6;227.0
2023-05-23T11:00:01+02:00;0.0;79.22;339.0;18.81;1.1;128.0
2023-05-23T13:00:01+02:00;0.0;66.63;704.0;21.09;1.8;136.0
2023-05-23T16:00:01+02:00;0.0;56.19;721.0;22.25;2.5;116.0
2023-05-28T11:00:01+02:00;0.0;50.49;655.0;19.9;1.1;169.0
2023-05-28T14:00:01+02:00;0.0;39.32;858.0;23.28;1.6;140.0
2023-05-23T20:00:01+02:00;0.0;58.04;94.0;19.87;1.6;160.0
2023-05-23T21:00:02+02:00;0.0;58.12;34.0;19.04;1.4;154.0
2023-05-24T19:00:01+02:00;0.0;65.93;186.0;16.08;1.0;268.0
2023-05-29T17:00:01+02:00;0.0;22.4;594.0;27.8;1.2;264.0
2023-05-24T21:00:01+02:00;0.0;67.05;35.0;15.62;0.7;265.0
2023-05-24T22:00:01+02:00;0.0;63.52;0.0;14.99;0.8;241.0
2023-05-25T01:00:01+02:00;0.0;65.82;0.0;12.86;0.7;149.0
2023-05-25T04:00:01+02:00;0.0;65.56;0.0;11.25;0.7;150.0
2023-05-25T07:00:01+02:00;0.0;62.87;42.0;11.06;0.9;139.0
2023-05-25T08:00:01+02:00;0.0;65.3;161.0;11.01;1.0;118.0
2023-05-25T09:00:01+02:00;0.0;63.55;203.0;11.74;0.9;148.0
2023-05-25T12:00:01+02:00;0.0;51.74;792.0;16.43;1.0;156.0
2023-05-25T13:00:01+02:00;0.0;51.24;818.0;17.55;1.0;86.0
2023-05-20T21:00:01+02:00;0.0;80.98;1.0;17.0;0.2;244.0
2023-05-20T20:00:01+02:00;0.0;71.39;43.0;17.87;0.2;252.0
2023-05-31T23:00:01+02:00;0.0;35.7;0.0;21.78;0.7;241.0
2023-05-21T04:00:01+02:00;0.0;88.67;0.0;14.54;0.4;28.0
2023-05-21T05:00:01+02:00;0.0;88.4;0.0;14.16;0.6;79.0
2023-05-21T06:00:01+02:00;0.0;87.87;0.0;13.95;0.7;3.0
2023-05-21T12:00:01+02:00;0.0;73.41;634.0;17.8;0.8;163.0
2023-05-09T15:00:01+02:00;0.0;52.82;368.0;21.2;1.1;242.0
2023-05-09T12:00:01+02:00;0.0;63.2;631.0;19.63;1.0;230.0
2023-05-09T16:00:01+02:00;0.0;55.47;161.0;20.88;0.8;226.0
2023-05-09T18:00:01+02:00;1.2;91.69;66.0;16.2;1.5;67.0
2023-05-09T20:00:01+02:00;7.8;99.62;0.0;15.14;0.9;171.0
2023-05-09T22:00:01+02:00;0.8;93.07;0.0;14.37;0.9;352.0
2023-05-10T00:00:01+02:00;0.2;91.34;0.0;14.22;1.4;7.0
2023-05-10T11:00:01+02:00;0.0;68.82;469.0;13.76;2.6;19.0
2023-05-10T14:00:01+02:00;0.0;54.0;507.0;15.64;1.9;39.0
2023-05-10T16:00:01+02:00;0.0;52.34;460.0;15.93;2.2;41.0
2023-05-10T23:00:01+02:00;0.0;70.64;0.0;12.74;0.8;25.0
2023-05-11T01:00:01+02:00;0.0;70.34;0.0;12.3;0.7;31.0
2023-05-11T04:00:01+02:00;0.0;73.39;0.0;12.15;0.7;53.0
2023-05-11T07:00:01+02:00;0.0;85.63;19.0;11.07;0.4;43.0
2023-05-11T10:00:01+02:00;0.0;75.69;308.0;12.64;1.0;103.0
2023-05-11T16:00:01+02:00;0.2;70.1;242.0;13.98;1.4;75.0
2023-05-11T18:00:01+02:00;0.0;66.36;265.0;14.6;1.4;86.0
2023-05-11T22:00:01+02:00;0.0;90.83;0.0;12.07;0.6;227.0
2023-05-12T05:00:01+02:00;0.0;95.21;0.0;10.78;0.0;82.0
2023-05-12T07:00:01+02:00;0.0;89.45;7.0;11.0;0.4;122.0
2023-05-12T09:00:01+02:00;0.2;92.54;87.0;10.96;0.5;105.0
2023-05-12T10:00:02+02:00;0.0;91.58;151.0;11.26;0.7;160.0
2023-05-12T17:00:01+02:00;0.0;54.43;471.0;17.66;1.0;167.0
2023-05-13T09:00:01+02:00;0.0;89.97;71.0;11.8;0.8;147.0
2023-05-13T11:00:01+02:00;0.0;89.23;149.0;12.13;0.8;145.0
2023-05-13T13:00:01+02:00;0.0;77.69;311.0;13.74;0.9;138.0
2023-05-13T14:00:01+02:00;0.0;72.3;277.0;14.72;0.7;165.0
2023-05-12T20:00:01+02:00;0.0;70.29;73.0;15.82;1.1;175.0
2023-05-12T19:00:01+02:00;0.0;65.2;130.0;16.0;1.3;172.0
2023-05-12T22:00:01+02:00;0.0;78.28;0.0;14.59;0.6;102.0
2023-05-13T00:00:01+02:00;0.0;86.04;0.0;13.74;0.5;128.0
2023-05-14T13:00:01+02:00;0.0;69.17;331.0;15.44;0.8;165.0
2023-05-14T17:00:01+02:00;0.0;61.89;434.0;16.18;1.5;233.0
2023-05-14T19:00:01+02:00;0.0;63.14;91.0;16.26;0.8;78.0
2023-05-14T21:00:01+02:00;0.2;76.76;1.0;14.59;0.7;347.0
2023-05-14T23:00:01+02:00;0.0;85.37;0.0;13.42;0.7;339.0
2023-05-15T02:00:01+02:00;0.0;96.0;0.0;11.7;0.6;182.0
2023-05-15T13:00:01+02:00;0.0;67.36;597.0;16.37;0.6;125.0
2023-05-15T14:00:01+02:00;0.0;55.42;792.0;17.86;0.9;95.0
2023-05-15T16:00:01+02:00;0.0;58.66;375.0;16.64;1.4;132.0
2023-05-15T19:00:01+02:00;0.0;52.29;183.0;17.29;0.8;136.0
2023-05-15T20:00:01+02:00;0.2;74.06;16.0;15.05;1.1;111.0
2023-05-15T22:00:01+02:00;0.0;92.17;0.0;12.59;0.5;323.0
2023-05-15T23:00:01+02:00;0.0;92.03;0.0;12.44;0.1;266.0
2023-05-16T03:00:01+02:00;0.0;98.82;0.0;11.31;0.0;238.0
2023-05-16T04:00:01+02:00;0.0;99.92;0.0;11.11;0.1;194.0
2023-05-16T16:00:01+02:00;0.0;87.59;53.0;11.13;1.4;146.0
2023-05-16T18:00:01+02:00;0.0;86.49;14.0;10.37;1.2;148.0
2023-05-17T01:00:01+02:00;0.0;78.61;0.0;9.79;0.8;158.0
2023-05-17T13:00:01+02:00;0.0;48.27;832.0;13.9;1.8;164.0
2023-05-16T22:00:01+02:00;0.0;77.26;0.0;10.24;1.0;135.0
2023-05-17T00:00:01+02:00;0.0;77.66;0.0;9.76;1.1;133.0
2023-05-17T04:00:01+02:00;0.0;83.15;0.0;8.77;0.8;162.0
2023-05-17T07:00:01+02:00;0.0;84.17;47.0;7.65;0.7;112.0
2023-05-17T08:00:01+02:00;0.0;80.63;149.0;8.03;0.8;147.0
2023-05-17T14:00:01+02:00;0.0;47.25;784.0;14.47;1.8;163.0
2023-05-17T19:00:01+02:00;0.0;52.06;106.0;14.08;2.3;163.0
2023-05-17T20:00:01+02:00;0.0;52.73;49.0;13.92;2.1;164.0
2023-05-17T21:00:01+02:00;0.0;54.45;7.0;13.31;1.8;165.0
2023-05-18T02:00:01+02:00;0.0;60.8;0.0;9.79;0.6;183.0
2023-05-18T05:00:01+02:00;0.0;77.43;0.0;7.38;0.4;114.0
2023-05-18T14:00:01+02:00;0.0;50.38;292.0;15.49;1.0;180.0
2023-05-18T15:00:01+02:00;0.0;47.25;329.0;16.08;1.0;265.0
2023-05-19T07:00:01+02:00;0.0;73.46;26.0;11.49;0.9;110.0
2023-05-19T02:00:01+02:00;0.0;58.04;0.0;13.34;0.6;214.0
2023-05-19T12:00:01+02:00;0.0;59.41;383.0;14.67;1.0;149.0
2023-05-20T03:00:01+02:00;0.0;66.44;0.0;13.5;0.6;73.0
2023-05-20T07:00:01+02:00;0.0;73.3;11.0;12.68;0.7;88.0
2023-05-20T14:00:01+02:00;0.0;58.73;518.0;17.91;0.7;188.0
2023-05-20T16:00:01+02:00;0.0;59.14;271.0;18.75;0.6;167.0
2023-05-21T15:00:01+02:00;0.0;53.0;882.0;23.22;1.3;122.0
2023-05-21T18:00:01+02:00;0.0;44.54;361.0;24.85;1.4;147.0
2023-05-21T23:00:01+02:00;0.0;65.89;0.0;19.97;1.1;80.0
2023-05-22T01:00:01+02:00;0.0;76.84;0.0;17.82;0.4;241.0
2023-05-22T04:00:01+02:00;0.0;91.05;0.0;14.71;0.8;230.0
2023-05-22T00:00:01+02:00;0.0;67.23;0.0;19.2;0.7;48.0
2023-06-03T19:00:01+02:00;0.0;37.86;124.0;26.36;1.4;147.0
2023-06-03T20:00:01+02:00;0.0;40.37;68.0;25.66;1.4;147.0
2023-05-22T10:00:01+02:00;0.0;60.79;523.0;20.51;1.1;243.0
2023-05-22T08:00:01+02:00;0.0;84.86;206.0;15.76;0.9;266.0
2023-05-22T13:00:01+02:00;0.0;49.45;838.0;24.36;1.5;93.0
2023-05-22T18:00:01+02:00;0.0;46.21;137.0;25.68;1.3;131.0
2023-05-25T18:00:01+02:00;0.0;48.37;362.0;21.63;1.4;151.0
2023-05-25T22:00:01+02:00;0.0;57.77;0.0;20.29;0.9;250.0
2023-06-04T10:00:01+02:00;0.0;55.08;499.0;20.35;0.8;210.0
2023-05-26T03:00:01+02:00;0.0;71.36;0.0;15.69;0.7;85.0
2023-05-26T04:00:01+02:00;0.0;72.35;0.0;14.7;0.8;74.0
2023-05-26T07:00:01+02:00;0.0;79.1;40.0;13.31;0.7;25.0
2023-05-26T08:00:01+02:00;0.0;78.45;120.0;13.48;0.7;57.0
2023-05-25T23:00:01+02:00;0.0;62.11;0.0;19.77;0.6;259.0
2023-05-26T00:00:01+02:00;0.0;71.8;0.0;18.13;0.6;227.0
2023-05-26T11:00:01+02:00;0.0;64.77;653.0;17.78;0.9;147.0
2023-05-26T17:00:01+02:00;0.0;45.1;597.0;24.44;2.1;116.0
2023-05-26T18:00:01+02:00;0.0;44.34;447.0;24.62;1.9;137.0
2023-05-27T05:00:02+02:00;0.0;71.63;0.0;14.64;0.6;21.0
2023-05-27T07:00:01+02:00;0.0;74.52;36.0;13.52;0.5;19.0
2023-05-27T12:00:01+02:00;0.0;55.28;772.0;18.85;1.1;103.0
2023-05-27T16:00:01+02:00;0.0;44.26;725.0;24.28;1.7;122.0
2023-05-27T15:00:01+02:00;0.0;45.83;814.0;23.56;1.7;152.0
2023-05-27T00:00:01+02:00;0.0;58.5;0.0;19.19;0.4;139.0
2023-05-27T20:00:01+02:00;0.0;43.64;66.0;24.53;1.3;187.0
2023-05-28T03:00:01+02:00;0.0;81.21;0.0;14.74;0.1;277.0
2023-05-28T02:00:01+02:00;0.0;72.34;0.0;16.34;0.3;256.0
2023-05-28T00:00:01+02:00;0.0;62.07;0.0;18.94;0.4;245.0
2023-05-28T05:00:01+02:00;0.0;85.04;0.0;13.3;0.6;230.0
2023-05-28T09:00:01+02:00;0.0;65.7;365.0;16.41;0.3;207.0
2023-05-28T12:00:01+02:00;0.0;49.72;763.0;20.76;1.3;146.0
2023-05-28T18:00:01+02:00;0.0;34.31;451.0;25.73;2.0;154.0
2023-05-29T03:00:01+02:00;0.0;63.54;0.0;15.06;0.2;294.0
2023-05-29T04:00:01+02:00;0.0;68.44;0.0;13.94;0.5;284.0
2023-05-29T06:00:01+02:00;0.0;78.27;0.0;12.31;0.5;236.0
2023-05-29T10:00:01+02:00;0.0;61.7;536.0;16.63;0.9;101.0
2023-05-29T01:00:01+02:00;0.0;43.29;0.0;18.67;0.6;258.0
2023-05-29T07:00:01+02:00;0.0;74.38;35.0;12.54;0.7;233.0
2023-05-29T15:00:01+02:00;0.0;35.28;826.0;25.4;1.7;126.0
2023-05-30T00:00:01+02:00;0.0;42.75;0.0;19.52;0.6;216.0
2023-05-30T09:00:01+02:00;0.0;68.71;374.0;15.29;0.8;109.0
2023-05-30T10:00:01+02:00;0.0;61.84;517.0;16.94;0.8;158.0
2023-05-30T08:00:01+02:00;0.0;75.34;218.0;14.75;0.7;39.0
2023-05-30T13:00:01+02:00;0.0;49.46;793.0;20.9;1.8;124.0
2023-05-30T14:00:01+02:00;0.0;44.98;861.0;22.63;1.7;131.0
2023-05-30T21:00:01+02:00;0.0;37.85;10.0;23.64;1.3;175.0
2023-05-31T00:00:01+02:00;0.0;44.41;0.0;20.32;1.0;186.0
2023-05-30T15:00:01+02:00;0.0;42.42;827.0;23.69;1.6;120.0
2023-05-31T09:00:01+02:00;0.0;52.82;383.0;15.31;0.8;125.0
2023-05-31T06:00:01+02:00;0.0;54.99;0.0;13.86;0.7;85.0
2023-05-31T05:00:01+02:00;0.0;53.76;0.0;14.34;0.7;59.0
2023-05-31T12:00:01+02:00;0.0;42.67;777.0;20.39;0.9;119.0
2023-05-31T15:00:01+02:00;0.0;34.71;822.0;25.25;1.1;136.0
2023-05-31T18:00:01+02:00;0.0;29.91;471.0;26.68;1.8;264.0
2023-05-31T17:00:01+02:00;0.0;30.32;621.0;26.93;1.5;258.0
2023-05-31T07:00:02+02:00;0.0;55.63;33.0;13.86;0.5;3.0
2023-06-01T01:00:01+02:00;0.0;44.53;0.0;19.52;0.6;92.0
2023-05-31T22:00:01+02:00;0.0;32.33;0.0;23.17;1.1;216.0
2023-06-01T00:00:01+02:00;0.0;39.97;0.0;20.82;0.6;253.0
2023-05-31T21:00:01+02:00;0.0;30.57;18.0;24.39;1.8;242.0
2023-06-01T08:00:01+02:00;0.0;62.62;213.0;15.75;0.6;261.0
2023-06-02T16:00:01+02:00;0.0;39.75;752.0;24.74;1.6;124.0
2023-06-02T10:00:01+02:00;0.0;60.56;531.0;16.83;0.9;112.0
2023-06-02T06:00:01+02:00;0.0;60.89;0.0;16.38;1.3;69.0
2023-06-02T04:00:01+02:00;0.0;56.19;0.0;17.85;1.1;74.0
2023-06-02T02:00:01+02:00;0.0;59.53;0.0;19.38;0.4;236.0
2023-06-01T21:00:01+02:00;0.0;37.22;39.0;25.25;1.7;162.0
2023-06-03T08:00:01+02:00;0.0;64.32;222.0;14.81;0.4;253.0
2023-06-03T10:00:01+02:00;0.0;53.71;536.0;17.66;0.8;187.0
2023-06-03T12:00:01+02:00;0.0;48.84;782.0;20.3;1.1;126.0
2023-06-03T16:00:01+02:00;0.0;38.33;756.0;25.47;1.3;130.0
2023-06-02T18:00:01+02:00;0.0;40.33;490.0;24.84;1.9;156.0
2023-06-02T19:00:01+02:00;0.0;40.6;152.0;24.48;1.8;128.0
2023-06-02T22:00:01+02:00;0.0;45.11;0.0;21.02;1.3;142.0
2023-06-03T02:00:01+02:00;0.0;51.58;0.0;16.99;0.9;32.0
2023-06-03T04:00:02+02:00;0.0;55.88;0.0;15.24;0.7;34.0
2023-06-03T05:00:01+02:00;0.0;59.07;0.0;14.44;0.6;343.0
2023-06-04T08:00:01+02:00;0.0;63.88;157.0;16.02;0.6;280.0
2023-06-04T09:00:01+02:00;0.0;57.22;383.0;18.28;0.6;224.0
2023-06-04T05:00:01+02:00;0.0;70.13;0.0;16.22;0.7;217.0
2023-06-04T15:00:01+02:00;0.0;33.53;843.0;26.02;1.0;212.0
2023-06-03T22:00:01+02:00;0.0;49.53;0.0;23.26;1.0;173.0
2023-06-04T19:00:01+02:00;0.0;43.91;168.0;23.36;2.2;175.0
2023-06-04T16:00:01+02:00;0.0;41.43;755.0;25.24;1.6;135.0
2023-06-08T08:00:01+02:00;0.6;78.46;31.0;15.25;1.0;275.0
2023-06-08T00:00:01+02:00;0.0;45.51;0.0;21.34;0.7;107.0
2023-06-08T01:00:01+02:00;0.0;56.38;0.0;18.78;0.4;235.0
2023-06-08T15:00:01+02:00;0.0;32.03;841.0;27.12;1.1;122.0
2023-06-09T11:00:01+02:00;0.0;46.79;671.0;23.8;1.1;198.0
2023-06-09T15:00:01+02:00;0.0;27.37;846.0;28.39;1.6;247.0
2023-06-05T17:00:01+02:00;0.0;31.41;516.0;26.09;1.2;115.0
2023-06-05T19:00:01+02:00;0.0;31.1;156.0;26.18;1.7;153.0
2023-06-05T21:00:01+02:00;0.0;39.87;25.0;24.05;1.7;169.0
2023-06-06T02:00:01+02:00;0.0;52.48;0.0;19.6;0.5;133.0
2023-06-05T11:00:01+02:00;0.0;55.17;665.0;19.54;1.0;119.0
2023-06-06T23:00:01+02:00;0.0;53.49;0.0;21.16;0.7;192.0
2023-06-07T01:00:01+02:00;0.0;56.24;0.0;19.15;0.9;263.0
2023-06-07T05:00:01+02:00;0.0;67.81;0.0;15.84;0.4;258.0
2023-06-06T13:00:01+02:00;0.0;41.65;848.0;24.83;1.1;257.0
2023-06-06T11:00:01+02:00;0.0;49.42;663.0;21.94;2.0;261.0
2023-06-06T10:00:01+02:00;0.0;55.24;524.0;20.47;1.7;242.0
2023-06-06T06:00:01+02:00;0.0;73.11;0.0;15.22;0.9;281.0
2023-06-06T19:00:01+02:00;0.0;32.3;121.0;26.57;0.9;165.0
2023-06-06T20:00:01+02:00;0.0;34.68;53.0;25.8;0.9;169.0
2023-06-06T22:00:01+02:00;0.0;44.86;0.0;23.35;0.9;176.0
2023-06-07T17:00:01+02:00;0.0;27.43;580.0;26.93;1.0;132.0
2023-06-07T18:00:01+02:00;0.0;25.87;483.0;27.08;1.3;116.0
2023-06-07T20:00:01+02:00;0.0;29.08;55.0;25.92;1.3;134.0
2023-06-07T19:00:01+02:00;0.0;27.79;117.0;26.57;1.4;131.0
2023-06-07T22:00:01+02:00;0.0;36.92;0.0;23.51;1.2;129.0
2023-06-07T23:00:01+02:00;0.0;40.48;0.0;22.51;1.0;117.0
2023-06-08T18:00:01+02:00;0.0;39.22;251.0;25.48;1.2;178.0
2023-06-08T20:00:01+02:00;0.0;34.58;53.0;26.36;0.5;185.0
2023-06-09T03:00:01+02:00;0.0;63.96;0.0;17.96;0.7;260.0
2023-06-09T01:00:01+02:00;0.0;53.6;0.0;20.08;1.0;252.0
2023-06-09T04:00:01+02:00;0.0;69.92;0.0;16.88;0.8;264.0
2023-06-09T06:00:01+02:00;0.0;79.35;0.0;15.11;1.0;272.0
2023-06-09T17:00:01+02:00;0.0;25.35;642.0;29.44;1.4;219.0
2023-06-10T02:00:01+02:00;0.0;60.58;0.0;21.26;1.1;338.0
2023-06-10T04:00:01+02:00;0.0;63.94;0.0;20.23;1.0;336.0
2023-06-10T05:00:01+02:00;0.0;65.52;0.0;19.63;0.7;307.0
2023-06-10T06:00:01+02:00;0.0;78.19;0.0;17.2;0.6;241.0
2023-06-10T09:00:01+02:00;0.0;62.9;383.0;21.18;0.9;219.0
2023-06-10T16:00:01+02:00;0.0;38.13;640.0;28.0;1.2;134.0
2023-06-10T13:00:01+02:00;0.0;43.75;604.0;25.78;1.1;143.0
2023-06-10T15:00:01+02:00;0.0;40.52;687.0;27.15;1.2;141.0
2023-05-27T14:00:01+02:00;0.0;48.49;858.0;22.22;1.7;152.0
2023-05-27T19:00:01+02:00;0.0;42.14;162.0;25.23;1.6;154.0
2023-05-27T06:00:01+02:00;0.0;74.63;0.0;13.75;0.6;11.0
2023-05-27T08:00:01+02:00;0.0;71.42;207.0;14.17;0.6;8.0
2023-05-27T09:00:01+02:00;0.0;68.85;372.0;15.24;0.7;158.0
2023-05-27T18:00:01+02:00;0.0;42.06;450.0;25.23;1.7;123.0
2023-05-27T21:00:01+02:00;0.0;47.34;21.0;23.18;1.2;177.0
2023-05-27T23:00:01+02:00;0.0;53.87;0.0;20.65;0.5;170.0
2023-05-28T07:00:01+02:00;0.0;83.03;41.0;12.98;0.7;239.0
2023-05-28T08:00:01+02:00;0.0;75.65;209.0;13.92;0.7;269.0
2023-05-28T10:00:01+02:00;0.0;53.34;518.0;18.89;0.6;209.0
2023-05-28T15:00:01+02:00;0.0;37.1;818.0;24.29;1.5;128.0
2023-05-28T16:00:01+02:00;0.0;36.76;728.0;25.21;1.6;147.0
2023-05-28T17:00:01+02:00;0.0;35.23;599.0;25.81;1.6;135.0
2023-05-28T22:00:01+02:00;0.0;32.29;0.0;23.15;1.6;259.0
2023-05-28T21:00:01+02:00;0.0;35.29;25.0;24.63;1.1;205.0
2023-05-29T02:00:01+02:00;0.0;51.57;0.0;17.13;0.3;252.0
2023-05-28T23:00:01+02:00;0.0;32.8;0.0;21.5;0.8;241.0
2023-05-29T00:00:01+02:00;0.0;37.7;0.0;20.1;0.4;267.0
2023-05-29T08:00:01+02:00;0.0;68.22;214.0;13.75;0.7;278.0
2023-05-29T11:00:01+02:00;0.0;54.65;671.0;18.55;1.0;142.0
2023-05-29T12:00:01+02:00;0.0;47.75;779.0;20.7;1.1;131.0
2023-05-29T13:00:01+02:00;0.0;42.02;850.0;22.68;1.3;135.0
2023-05-29T14:00:01+02:00;0.0;39.07;866.0;24.2;1.5;130.0
2023-05-29T16:00:01+02:00;0.0;29.37;737.0;26.93;1.1;189.0
2023-05-28T19:00:01+02:00;0.0;36.34;144.0;25.59;1.8;151.0
2023-05-29T19:00:01+02:00;0.0;21.54;104.0;26.85;1.2;220.0
2023-05-29T21:00:01+02:00;0.0;25.08;19.0;24.53;1.7;231.0
2023-05-30T06:00:01+02:00;0.0;74.43;0.0;14.31;0.6;356.0
2023-05-30T02:00:01+02:00;0.0;58.32;0.0;16.1;0.2;273.0
2023-05-30T03:00:01+02:00;0.0;59.87;0.0;15.57;0.3;294.0
2023-05-30T05:00:01+02:00;0.0;68.74;0.0;14.75;0.8;349.0
2023-05-30T11:00:01+02:00;0.0;56.34;631.0;18.79;1.0;166.0
2023-05-30T16:00:01+02:00;0.0;40.4;740.0;24.97;1.4;143.0
2023-05-30T18:00:01+02:00;0.0;37.72;344.0;25.14;2.0;155.0
2023-05-29T22:00:01+02:00;0.0;28.2;0.0;23.26;1.4;234.0
2023-05-29T23:00:01+02:00;0.0;33.73;0.0;21.8;0.9;200.0
2023-05-30T22:00:01+02:00;0.0;43.37;0.0;22.14;0.9;195.0
2023-06-04T00:00:01+02:00;0.0;57.9;0.0;20.74;0.7;266.0
2023-06-03T07:00:01+02:00;0.0;72.28;34.0;13.24;0.0;249.0
2023-06-03T09:00:01+02:00;0.0;57.7;384.0;16.38;0.5;158.0
2023-06-03T11:00:01+02:00;0.0;49.31;673.0;19.83;0.9;175.0
2023-06-03T13:00:01+02:00;0.0;44.76;842.0;21.82;1.3;130.0
2023-06-03T14:00:01+02:00;0.0;43.47;870.0;23.12;1.2;147.0
2023-06-03T17:00:01+02:00;0.0;38.88;633.0;26.16;1.2;123.0
2023-06-01T02:00:01+02:00;0.0;46.79;0.0;18.16;0.6;88.0
2023-05-31T13:00:01+02:00;0.0;38.98;841.0;22.49;1.1;156.0
2023-05-31T14:00:01+02:00;0.0;37.01;862.0;23.88;1.1;101.0
2023-05-31T08:00:01+02:00;0.0;53.74;223.0;14.48;0.6;116.0
2023-05-31T10:00:01+02:00;0.0;48.96;536.0;17.42;0.7;162.0
2023-05-31T11:00:01+02:00;0.0;46.61;670.0;18.67;1.0;113.0
2023-05-31T16:00:01+02:00;0.0;31.43;748.0;26.71;1.3;249.0
2023-06-02T20:00:01+02:00;0.0;38.42;51.0;23.79;1.9;132.0
2023-06-02T21:00:01+02:00;0.0;42.0;39.0;22.46;1.9;152.0
2023-06-02T23:00:01+02:00;0.0;48.68;0.0;19.97;0.9;115.0
2023-06-03T01:00:01+02:00;0.0;53.63;0.0;18.04;1.0;70.0
2023-06-03T00:00:01+02:00;0.0;51.86;0.0;19.03;1.1;96.0
2023-05-30T23:00:01+02:00;0.0;43.42;0.0;21.09;1.0;206.0
2023-05-31T03:00:01+02:00;0.0;55.29;0.0;16.33;0.6;75.0
2023-06-01T04:00:01+02:00;0.0;52.21;0.0;16.53;0.5;320.0
2023-06-01T03:00:01+02:00;0.0;48.61;0.0;17.33;0.6;32.0
2023-06-01T05:00:01+02:00;0.0;60.85;0.0;15.38;0.4;283.0
2023-06-01T11:00:01+02:00;0.0;45.09;662.0;20.59;1.0;111.0
2023-06-01T18:00:01+02:00;0.0;34.49;431.0;27.21;1.1;112.0
2023-06-02T13:00:01+02:00;0.0;49.71;850.0;21.3;1.4;142.0
2023-06-02T09:00:01+02:00;0.0;63.14;379.0;15.81;1.4;84.0
2023-06-02T08:00:01+02:00;0.0;62.92;218.0;15.49;1.4;85.0
2023-06-02T07:00:01+02:00;0.0;61.44;40.0;15.88;1.2;71.0
2023-06-02T01:00:01+02:00;0.0;58.83;0.0;20.22;0.5;248.0
2023-06-02T00:00:01+02:00;0.0;52.0;0.0;21.55;0.5;214.0
2023-06-01T20:00:01+02:00;0.0;35.35;80.0;26.21;1.7;162.0
2023-06-03T18:00:01+02:00;0.0;37.88;485.0;26.63;1.1;103.0
2023-06-03T21:00:01+02:00;0.0;44.88;25.0;24.43;1.6;166.0
2023-06-04T06:00:01+02:00;0.0;72.13;0.0;15.54;0.7;315.0
2023-06-04T07:00:01+02:00;0.0;68.23;40.0;15.47;0.6;287.0
2023-06-04T04:00:01+02:00;0.0;67.52;0.0;17.1;0.6;291.0
2023-06-04T11:00:01+02:00;0.0;53.91;670.0;20.87;1.1;159.0
2023-06-04T14:00:01+02:00;0.0;36.66;878.0;24.86;1.4;209.0
2023-06-04T12:00:01+02:00;0.0;53.76;777.0;21.75;1.3;133.0
2023-06-05T02:00:01+02:00;0.0;87.51;0.0;15.09;0.6;244.0
2023-06-04T01:00:01+02:00;0.0;61.25;0.0;19.56;0.6;256.0
2023-06-04T02:00:01+02:00;0.0;65.17;0.0;18.77;0.4;275.0
2023-06-04T03:00:01+02:00;0.0;72.04;0.0;17.13;0.5;234.0
2023-06-04T17:00:01+02:00;0.0;39.89;662.0;25.59;1.7;146.0
2023-06-04T18:00:01+02:00;0.0;42.2;483.0;24.89;2.1;161.0
2023-06-04T20:00:01+02:00;0.0;48.88;76.0;21.96;1.5;179.0
2023-06-04T21:00:01+02:00;0.0;48.18;40.0;21.89;1.0;182.0
2023-06-03T23:00:01+02:00;0.0;52.91;0.0;22.23;0.6;178.0
2023-06-04T13:00:01+02:00;0.0;49.63;846.0;22.99;1.6;132.0
2023-06-05T00:00:01+02:00;0.0;82.07;0.0;17.1;0.6;228.0
2023-06-04T22:00:01+02:00;0.0;65.19;0.0;19.75;0.8;210.0
2023-06-04T23:00:01+02:00;0.0;73.51;0.0;18.35;0.6;220.0
2023-06-05T01:00:01+02:00;0.0;84.89;0.0;16.13;0.7;213.0
2023-06-09T14:00:01+02:00;0.0;31.84;878.0;27.75;1.3;223.0
2023-06-09T20:00:01+02:00;0.0;32.42;70.0;28.15;1.5;155.0
2023-06-09T22:00:01+02:00;0.0;38.0;0.0;26.1;0.7;213.0
2023-06-10T01:00:01+02:00;0.0;56.89;0.0;21.92;1.2;338.0
2023-06-05T04:00:01+02:00;0.0;83.89;0.0;14.59;0.4;277.0
2023-06-10T07:00:01+02:00;0.0;77.41;36.0;17.18;0.5;253.0
2023-06-10T10:00:01+02:00;0.0;57.97;535.0;22.73;0.7;157.0
2023-06-10T08:00:01+02:00;0.0;69.62;225.0;19.06;0.7;267.0
2023-06-10T12:00:01+02:00;0.0;47.02;775.0;25.15;0.9;160.0
2023-06-10T17:00:01+02:00;0.0;36.64;594.0;28.44;1.1;133.0
2023-06-06T00:00:01+02:00;0.0;46.52;0.0;21.65;0.6;207.0
2023-06-06T15:00:01+02:00;0.0;34.23;879.0;25.81;1.2;206.0
2023-06-06T14:00:01+02:00;0.0;37.99;460.0;24.93;1.3;177.0
2023-06-06T07:00:01+02:00;0.0;76.04;36.0;14.84;0.6;248.0
2023-06-06T04:00:01+02:00;0.0;60.9;0.0;17.28;0.5;276.0
2023-06-06T17:00:01+02:00;0.0;29.45;629.0;26.99;1.1;141.0
2023-06-05T13:00:01+02:00;0.0;38.8;848.0;22.86;1.3;150.0
2023-06-05T14:00:01+02:00;0.0;36.02;867.0;24.14;1.3;141.0
2023-06-06T21:00:01+02:00;0.0;37.6;20.0;24.83;0.8;190.0
2023-06-07T00:00:01+02:00;0.0;55.02;0.0;20.09;1.0;255.0
2023-06-07T02:00:01+02:00;0.0;55.19;0.0;18.54;0.9;259.0
2023-06-07T09:00:01+02:00;0.0;56.76;381.0;18.61;0.7;219.0
2023-06-07T06:00:01+02:00;0.0;74.23;1.0;14.49;0.3;248.0
2023-06-07T10:00:01+02:00;0.0;49.8;536.0;20.62;0.9;191.0
2023-06-07T11:00:01+02:00;0.0;45.57;672.0;22.39;0.9;171.0
2023-06-07T12:00:01+02:00;0.0;41.56;776.0;23.4;1.2;149.0
2023-06-07T15:00:01+02:00;0.0;33.75;833.0;26.35;1.0;122.0
2023-06-07T21:00:01+02:00;0.0;33.57;23.0;24.83;1.2;167.0
2023-06-08T07:00:01+02:00;0.2;76.28;1.0;15.31;1.2;275.0
2023-06-08T10:00:01+02:00;0.0;70.67;310.0;17.88;0.7;243.0
2023-06-08T11:00:01+02:00;0.0;60.27;666.0;21.16;1.1;176.0
2023-06-08T03:00:01+02:00;0.0;65.98;0.0;16.57;0.5;247.0
2023-06-08T06:00:01+02:00;0.0;73.51;0.0;15.46;0.8;276.0
2023-06-08T13:00:01+02:00;0.0;39.96;850.0;25.03;0.9;156.0
2023-06-08T22:00:01+02:00;0.0;51.59;0.0;23.46;0.9;248.0
2023-06-09T00:00:01+02:00;0.0;51.51;0.0;20.94;0.9;246.0
2023-06-09T05:00:01+02:00;0.0;76.05;0.0;15.8;0.7;263.0
2023-06-09T02:00:01+02:00;0.0;59.32;0.0;18.94;1.1;261.0
2023-06-08T19:00:02+02:00;0.0;35.74;166.0;26.8;0.8;172.0
2023-06-08T21:00:01+02:00;0.0;42.08;27.0;25.7;0.4;192.0
2023-06-05T08:00:01+02:00;0.0;77.49;215.0;14.8;0.4;262.0
2023-06-05T09:00:01+02:00;0.0;64.41;383.0;17.14;0.6;198.0
2023-06-05T05:00:01+02:00;0.0;88.41;0.0;13.51;0.3;149.0
2023-06-05T06:00:01+02:00;0.0;89.01;0.0;12.93;0.5;172.0
2023-06-05T07:00:01+02:00;0.0;86.29;40.0;13.23;0.2;283.0
2023-06-05T10:00:01+02:00;0.0;53.63;539.0;18.47;0.8;151.0
2023-06-05T03:00:02+02:00;0.0;87.82;0.0;14.56;0.2;263.0
2023-06-09T18:00:01+02:00;0.0;25.28;340.0;29.68;0.9;185.0
2023-06-09T07:00:01+02:00;0.0;78.45;34.0;15.2;0.9;270.0
2023-06-09T08:00:01+02:00;0.0;70.56;224.0;16.83;0.6;252.0
2023-06-09T09:00:01+02:00;0.0;60.25;382.0;19.37;0.8;226.0
2023-06-09T12:00:01+02:00;0.0;39.77;782.0;25.16;1.2;225.0
2023-06-10T19:00:01+02:00;0.0;37.43;118.0;28.16;1.0;136.0
2023-06-10T20:00:01+02:00;0.0;40.31;105.0;27.18;1.5;155.0
2023-06-10T21:00:01+02:00;0.0;49.48;36.0;24.64;1.2;178.0
2023-06-10T22:00:01+02:00;0.0;67.2;0.0;22.15;1.0;208.0
2023-06-11T00:00:01+02:00;0.2;85.63;0.0;19.7;0.8;236.0
2023-06-10T23:00:01+02:00;1.6;65.09;0.0;21.89;1.9;205.0
2023-06-11T03:00:01+02:00;0.0;92.03;0.0;17.58;0.6;241.0
2023-06-11T09:00:01+02:00;0.0;66.88;396.0;21.29;0.8;223.0
2023-06-11T10:00:01+02:00;0.0;60.23;544.0;22.6;1.0;186.0
2023-06-11T11:00:01+02:00;0.0;55.54;678.0;23.5;1.0;150.0
2023-06-11T12:00:01+02:00;0.0;49.8;786.0;25.36;0.7;140.0
2023-06-11T17:00:01+02:00;0.0;37.12;408.0;28.58;1.1;149.0
2023-06-11T19:00:01+02:00;0.0;39.36;147.0;28.14;0.9;152.0
2023-06-11T23:00:01+02:00;0.0;36.99;0.0;24.56;1.1;231.0
2023-06-12T02:00:01+02:00;0.0;43.92;0.0;21.4;0.5;234.0
2023-06-12T05:00:01+02:00;0.0;64.38;0.0;17.0;0.5;253.0
2023-06-12T07:00:02+02:00;0.0;66.4;26.0;16.82;0.6;252.0
2023-06-12T09:00:01+02:00;0.0;51.08;407.0;21.51;0.7;207.0
2023-06-12T11:00:01+02:00;0.0;42.4;691.0;23.64;0.9;137.0
2023-06-12T14:00:01+02:00;0.0;29.75;896.0;27.53;1.2;251.0
2023-06-11T22:00:01+02:00;0.0;36.04;0.0;25.6;1.1;248.0
2023-06-12T19:00:01+02:00;0.0;25.59;83.0;28.07;1.4;271.0
2023-06-12T22:00:01+02:00;0.0;30.92;0.0;25.17;1.1;239.0
2023-06-12T20:00:01+02:00;0.0;26.17;48.0;27.27;1.6;254.0
2023-06-11T02:00:01+02:00;0.0;90.81;0.0;18.41;0.4;237.0
2023-06-11T06:00:01+02:00;0.0;92.27;0.0;16.2;0.6;255.0
2023-06-11T14:00:01+02:00;0.0;43.74;758.0;27.45;1.1;159.0
2023-06-11T01:00:01+02:00;0.0;88.34;0.0;19.12;0.6;229.0
2023-06-11T18:00:01+02:00;0.0;42.93;165.0;27.54;1.1;158.0
2023-06-11T20:00:01+02:00;0.0;43.81;50.0;26.78;0.7;171.0
2023-06-11T21:00:01+02:00;0.0;42.01;17.0;26.0;0.9;234.0
2023-06-12T00:00:01+02:00;0.0;37.19;0.0;23.83;1.3;235.0
2023-06-12T01:00:02+02:00;0.0;39.56;0.0;22.68;1.0;202.0
2023-06-13T00:00:01+02:00;0.0;36.16;0.0;22.59;1.1;214.0
2023-06-13T01:00:01+02:00;0.0;38.73;0.0;21.18;0.7;205.0
2023-06-13T02:00:01+02:00;0.0;41.0;0.0;20.48;0.7;279.0
2023-06-12T21:00:01+02:00;0.0;28.02;17.0;26.37;1.5;257.0
2023-06-12T23:00:01+02:00;0.0;35.27;0.0;23.59;1.2;205.0
2023-06-13T03:00:01+02:00;0.0;41.83;0.0;19.73;0.5;263.0
2023-06-12T03:00:01+02:00;0.0;48.58;0.0;20.53;0.6;195.0
2023-06-12T10:00:01+02:00;0.0;47.07;556.0;22.8;0.7;167.0
2023-06-12T15:00:02+02:00;0.0;26.84;859.0;28.27;1.3;252.0
2023-06-12T16:00:01+02:00;0.0;25.7;772.0;28.79;1.3;153.0
2023-06-05T12:00:01+02:00;0.0;45.16;772.0;21.45;1.1;148.0
2023-06-05T15:00:01+02:00;0.0;33.33;829.0;25.26;1.1;131.0
2023-06-05T16:00:01+02:00;0.0;33.03;745.0;25.52;1.2;142.0
2023-06-05T18:00:01+02:00;0.0;29.92;476.0;26.58;1.1;136.0
2023-06-05T20:00:01+02:00;0.0;36.99;85.0;25.22;1.8;156.0
2023-06-05T22:00:01+02:00;0.0;40.46;0.0;23.41;1.2;170.0
2023-06-05T23:00:01+02:00;0.0;42.85;0.0;22.57;0.8;181.0
2023-06-06T01:00:01+02:00;0.0;50.99;0.0;20.57;0.6;284.0
2023-06-06T16:00:01+02:00;0.0;30.12;761.0;26.4;1.0;169.0
2023-06-06T12:00:01+02:00;0.0;46.32;773.0;23.17;1.9;252.0
2023-06-06T09:00:01+02:00;0.0;59.09;376.0;18.82;1.0;206.0
2023-06-06T08:00:01+02:00;0.0;68.46;210.0;16.38;0.5;238.0
2023-06-06T05:00:01+02:00;0.0;66.48;0.0;16.11;0.9;271.0
2023-06-06T03:00:01+02:00;0.0;56.95;0.0;18.44;0.3;147.0
2023-06-06T18:00:01+02:00;0.0;29.01;480.0;26.82;1.0;162.0
2023-06-23T12:00:01+02:00;0.0;54.64;804.0;21.72;3.1;57.0
2023-06-23T09:00:01+02:00;0.0;78.75;292.0;18.94;1.2;44.0
2023-06-23T01:00:01+02:00;0.8;89.06;0.0;18.25;1.6;43.0
2023-06-22T20:00:01+02:00;39.2;89.55;5.0;19.26;1.9;51.0
2023-06-22T19:00:01+02:00;0.0;70.35;127.0;24.18;1.5;273.0
2023-06-22T14:00:01+02:00;0.0;69.1;227.0;26.54;0.8;267.0
2023-06-22T11:00:01+02:00;0.0;75.04;382.0;23.9;1.2;249.0
2023-06-22T07:00:01+02:00;0.0;99.75;41.0;18.36;1.0;246.0
2023-06-22T04:00:01+02:00;0.0;93.86;0.0;19.8;0.7;272.0
2023-06-22T03:00:01+02:00;0.0;94.93;0.0;20.14;0.7;296.0
2023-06-22T00:00:01+02:00;0.0;92.63;0.0;21.58;0.7;197.0
2023-06-21T23:00:01+02:00;0.0;92.28;0.0;21.9;0.8;185.0
2023-06-21T22:00:01+02:00;0.0;88.72;0.0;22.67;0.9;208.0
2023-06-21T21:00:01+02:00;0.2;81.63;12.0;23.11;0.8;186.0
2023-06-21T19:00:01+02:00;0.0;65.32;149.0;25.53;1.0;277.0
2023-06-21T12:00:01+02:00;0.0;73.84;599.0;22.43;1.1;267.0
2023-06-21T08:00:01+02:00;0.0;82.3;111.0;20.81;0.8;223.0
2023-06-21T03:00:01+02:00;0.0;93.54;0.0;20.38;1.1;270.0
2023-06-20T20:00:01+02:00;0.0;78.7;60.0;23.56;0.9;266.0
2023-06-20T15:00:01+02:00;0.0;33.76;793.0;31.29;1.3;262.0
2023-06-20T14:00:01+02:00;0.0;37.31;828.0;30.22;1.4;245.0
2023-06-20T13:00:01+02:00;0.0;46.47;786.0;28.77;1.7;236.0
2023-06-20T04:00:01+02:00;0.0;89.43;0.0;19.98;1.5;250.0
2023-06-19T22:00:01+02:00;0.0;47.37;0.0;27.51;1.3;269.0
2023-06-19T16:00:01+02:00;0.0;41.94;597.0;27.6;1.1;135.0
2023-06-19T15:00:01+02:00;0.0;45.81;259.0;26.33;1.3;120.0
2023-06-19T10:00:01+02:00;0.0;72.38;189.0;21.9;1.0;220.0
2023-06-19T09:00:01+02:00;0.0;78.49;107.0;20.43;1.9;259.0
2023-06-19T08:00:01+02:00;0.0;84.64;80.0;19.52;1.6;265.0
2023-06-19T06:00:01+02:00;0.0;88.32;0.0;18.97;0.7;232.0
2023-06-19T00:00:02+02:00;0.0;65.14;0.0;22.62;1.0;208.0
2023-06-18T23:00:01+02:00;0.0;64.91;0.0;23.22;1.0;220.0
2023-06-18T21:00:01+02:00;0.0;56.0;30.0;24.36;0.4;272.0
2023-06-18T16:00:01+02:00;0.0;26.11;626.0;31.4;1.1;184.0
2023-06-18T15:00:01+02:00;0.0;26.92;646.0;30.96;1.3;179.0
2023-06-18T14:00:01+02:00;0.0;27.65;833.0;30.48;1.0;175.0
2023-06-18T10:00:01+02:00;0.0;39.87;528.0;23.58;1.1;258.0
2023-06-17T23:00:01+02:00;0.0;42.04;0.0;23.47;0.8;196.0
2023-06-17T20:00:01+02:00;0.0;22.84;90.0;28.59;1.1;88.0
2023-06-17T13:00:01+02:00;0.0;23.16;853.0;27.99;1.0;88.0
2023-06-17T12:00:01+02:00;0.0;28.8;760.0;27.07;0.8;201.0
2023-06-17T11:00:01+02:00;0.0;37.51;679.0;24.45;0.7;240.0
2023-06-17T05:00:01+02:00;0.0;66.57;0.0;15.74;1.0;263.0
2023-06-17T04:00:01+02:00;0.0;63.47;0.0;16.55;1.1;247.0
2023-06-17T02:00:01+02:00;0.0;52.66;0.0;19.29;1.5;271.0
2023-06-17T01:00:01+02:00;0.0;48.04;0.0;20.6;0.8;239.0
2023-06-17T00:00:01+02:00;0.0;45.56;0.0;21.65;0.8;231.0
2023-06-16T12:00:01+02:00;0.0;33.39;786.0;24.53;1.0;129.0
2023-06-16T07:00:01+02:00;0.0;72.59;33.0;16.27;1.1;241.0
2023-06-16T04:00:01+02:00;0.0;54.14;0.0;18.96;1.0;277.0
2023-06-15T20:00:01+02:00;0.0;28.55;59.0;25.87;1.1;114.0
2023-06-15T12:00:01+02:00;0.0;40.27;785.0;22.98;1.1;146.0
2023-06-15T08:00:01+02:00;0.0;57.08;229.0;16.69;0.8;284.0
2023-06-15T06:00:01+02:00;0.0;63.52;0.0;15.31;0.6;277.0
2023-06-15T04:00:01+02:00;0.0;55.85;0.0;17.12;0.6;272.0
2023-06-15T00:00:01+02:00;0.0;39.44;0.0;21.62;1.0;146.0
2023-06-14T21:00:01+02:00;0.0;32.34;39.0;24.37;1.9;156.0
2023-06-14T20:00:01+02:00;0.0;30.29;52.0;25.41;1.8;151.0
2023-06-14T17:00:01+02:00;0.0;26.98;636.0;26.84;1.8;116.0
2023-06-14T11:00:01+02:00;0.0;38.22;692.0;20.79;1.2;120.0
2023-06-14T10:00:01+02:00;0.0;39.86;559.0;19.64;1.0;145.0
2023-06-14T01:00:01+02:00;0.0;30.39;0.0;19.86;0.6;253.0
2023-06-13T21:00:01+02:00;0.0;18.63;18.0;25.41;1.7;240.0
2023-06-13T17:00:01+02:00;0.0;28.02;655.0;27.18;1.2;147.0
2023-06-13T15:00:01+02:00;0.0;32.34;855.0;25.51;1.4;140.0
2023-06-13T13:00:01+02:00;0.0;32.91;879.0;23.85;1.1;141.0
2023-06-13T07:00:02+02:00;0.0;47.75;30.0;17.5;1.2;267.0
2023-06-13T04:00:01+02:00;0.0;45.09;0.0;18.7;0.5;244.0
2023-06-07T04:00:01+02:00;0.0;64.15;0.0;16.87;0.3;238.0
2023-06-07T03:00:01+02:00;0.0;54.77;0.0;18.49;0.8;236.0
2023-06-07T07:00:01+02:00;0.0;73.17;48.0;15.0;0.6;274.0
2023-06-07T08:00:01+02:00;0.0;64.74;221.0;16.8;0.6;255.0
2023-06-07T13:00:01+02:00;0.0;38.0;847.0;24.51;1.3;137.0
2023-06-07T14:00:01+02:00;0.0;36.7;867.0;25.27;1.3;122.0
2023-06-07T16:00:01+02:00;0.0;32.35;750.0;26.51;1.3;132.0
2023-06-08T05:00:01+02:00;0.0;72.02;0.0;15.41;0.7;270.0
2023-06-08T02:00:01+02:00;0.0;62.4;0.0;17.44;0.4;243.0
2023-06-08T04:00:01+02:00;0.0;67.39;0.0;16.27;0.7;268.0
2023-06-08T09:00:01+02:00;0.0;74.08;88.0;16.05;1.0;281.0
2023-06-08T12:00:01+02:00;0.0;47.94;776.0;23.45;0.9;196.0
2023-06-08T14:00:01+02:00;0.0;35.75;867.0;26.47;1.1;132.0
2023-06-08T16:00:01+02:00;0.0;31.05;771.0;27.86;1.1;129.0
2023-06-08T17:00:01+02:00;0.0;33.45;186.0;27.01;1.0;220.0
2023-06-11T15:00:01+02:00;0.0;40.85;825.0;28.34;1.1;151.0
2023-06-11T16:00:02+02:00;0.0;41.44;502.0;28.08;1.2;145.0
2023-06-08T23:00:01+02:00;0.0;48.51;0.0;22.19;1.6;247.0
2023-06-23T13:00:01+02:00;0.0;53.3;680.0;22.22;2.3;70.0
2023-06-23T08:00:01+02:00;0.0;82.83;70.0;18.22;1.1;30.0
2023-06-23T06:00:01+02:00;0.0;86.8;0.0;17.95;1.8;28.0
2023-06-23T05:00:01+02:00;0.0;88.85;0.0;17.81;1.6;27.0
2023-06-23T03:00:01+02:00;3.2;94.03;0.0;17.79;1.9;14.0
2023-06-23T02:00:01+02:00;1.2;91.02;0.0;18.11;2.2;15.0
2023-06-23T00:00:01+02:00;0.0;95.09;0.0;18.07;0.8;147.0
2023-06-22T22:00:01+02:00;0.2;99.99;0.0;17.33;0.9;145.0
2023-06-22T18:00:01+02:00;0.0;72.17;102.0;24.77;1.0;292.0
2023-06-22T17:00:01+02:00;0.0;66.67;196.0;25.84;0.6;78.0
2023-06-22T05:00:01+02:00;0.0;94.45;0.0;19.38;0.9;253.0
2023-06-21T17:00:01+02:00;0.0;59.93;169.0;26.27;0.7;208.0
2023-06-21T11:00:01+02:00;0.0;85.99;554.0;20.27;1.5;243.0
2023-06-21T09:00:01+02:00;17.2;87.54;34.0;20.24;1.8;92.0
2023-06-21T07:00:01+02:00;0.0;82.49;33.0;20.56;1.0;246.0
2023-06-21T05:00:01+02:00;0.0;85.82;0.0;20.73;0.9;244.0
2023-06-21T04:00:01+02:00;0.0;94.24;0.0;20.11;1.0;233.0
2023-06-21T02:00:01+02:00;0.0;93.26;0.0;20.75;1.3;290.0
2023-06-21T01:00:01+02:00;0.0;93.1;0.0;21.28;1.2;259.0
2023-06-21T00:00:01+02:00;0.0;90.27;0.0;22.0;1.1;251.0
2023-06-20T19:00:01+02:00;0.2;80.8;138.0;23.35;1.6;270.0
2023-06-20T18:00:01+02:00;20.4;69.8;14.0;23.94;2.7;170.0
2023-06-20T16:00:01+02:00;0.0;32.96;712.0;31.94;1.1;300.0
2023-06-20T08:00:01+02:00;0.0;77.38;156.0;21.44;1.2;218.0
2023-06-20T07:00:01+02:00;0.0;80.93;51.0;20.54;1.0;207.0
2023-06-20T06:00:01+02:00;0.0;82.78;2.0;20.35;1.1;254.0
2023-06-20T05:00:01+02:00;0.0;83.85;0.0;20.59;1.6;241.0
2023-06-20T03:00:01+02:00;0.0;90.56;0.0;20.02;1.9;268.0
2023-06-20T00:00:01+02:00;0.0;54.01;0.0;25.31;0.7;274.0
2023-06-19T23:00:01+02:00;0.0;50.17;0.0;26.21;1.1;264.0
2023-06-19T20:00:01+02:00;0.0;40.05;61.0;29.48;1.3;155.0
2023-06-19T19:00:01+02:00;0.0;38.24;133.0;30.21;1.1;156.0
2023-06-19T18:00:01+02:00;0.0;38.79;434.0;29.6;1.1;153.0
2023-06-19T17:00:01+02:00;0.0;39.87;612.0;28.83;1.3;138.0
2023-06-19T14:00:01+02:00;0.0;42.2;346.0;27.68;1.0;131.0
2023-06-19T13:00:01+02:00;0.0;44.81;602.0;27.16;1.1;123.0
2023-06-19T12:00:01+02:00;0.0;52.77;742.0;26.25;1.0;211.0
2023-06-19T05:00:01+02:00;0.0;78.71;0.0;19.85;1.0;70.0
2023-06-19T04:00:01+02:00;0.4;74.57;0.0;20.59;1.7;37.0
2023-06-19T02:00:01+02:00;0.0;67.63;0.0;21.66;1.0;263.0
2023-06-18T22:00:01+02:00;0.0;61.24;0.0;23.83;0.6;205.0
2023-06-18T20:00:01+02:00;0.0;60.48;68.0;23.98;0.7;338.0
2023-06-18T19:00:01+02:00;0.2;57.91;70.0;24.85;1.2;62.0
2023-06-18T13:00:01+02:00;0.0;29.18;662.0;29.05;0.9;136.0
2023-06-18T12:00:01+02:00;0.0;31.46;744.0;28.22;1.0;245.0
2023-06-18T08:00:01+02:00;0.0;54.4;203.0;18.57;1.0;268.0
2023-06-18T06:00:01+02:00;0.0;64.79;0.0;16.62;0.9;272.0
2023-06-18T04:00:01+02:00;0.0;61.04;0.0;17.91;0.9;270.0
2023-06-18T03:00:01+02:00;0.0;59.2;0.0;18.49;1.4;264.0
2023-06-18T01:00:01+02:00;0.0;48.31;0.0;21.21;1.4;259.0
2023-06-18T00:00:01+02:00;0.0;44.06;0.0;22.6;1.5;258.0
2023-06-17T18:00:01+02:00;0.0;23.71;446.0;28.71;2.2;77.0
2023-06-17T16:00:01+02:00;0.0;22.07;731.0;28.47;2.0;91.0
2023-06-17T15:00:02+02:00;0.0;23.22;831.0;28.49;1.4;116.0
2023-06-17T14:00:01+02:00;0.0;23.66;808.0;27.51;1.4;149.0
2023-06-17T08:00:01+02:00;0.0;61.69;170.0;15.97;1.1;259.0
2023-06-17T07:00:01+02:00;0.0;66.52;48.0;15.18;1.1;257.0
2023-06-17T03:00:01+02:00;0.0;57.48;0.0;17.99;0.9;266.0
2023-06-16T20:00:01+02:00;0.0;27.53;57.0;26.63;0.8;146.0
2023-06-16T17:00:01+02:00;0.0;26.4;468.0;26.75;1.8;101.0
2023-06-16T14:00:01+02:00;0.0;24.41;907.0;26.66;1.0;142.0
2023-06-16T10:00:01+02:00;0.0;49.07;472.0;21.32;0.8;210.0
2023-06-16T06:00:01+02:00;0.0;67.72;0.0;16.97;0.9;252.0
2023-06-16T05:00:01+02:00;0.0;60.72;0.0;17.85;1.1;269.0
2023-06-16T03:00:01+02:00;0.0;47.66;0.0;20.14;0.6;295.0
2023-06-16T01:00:01+02:00;0.0;47.85;0.0;21.13;0.7;169.0
2023-06-16T00:00:01+02:00;0.0;45.4;0.0;22.21;0.9;157.0
2023-06-15T21:00:01+02:00;0.0;34.59;23.0;24.89;1.5;86.0
2023-06-15T19:00:01+02:00;0.0;22.79;116.0;26.88;1.3;104.0
2023-06-15T18:00:01+02:00;0.0;21.62;501.0;27.22;1.2;135.0
2023-06-15T14:00:01+02:00;0.0;32.2;882.0;25.19;1.2;146.0
2023-06-15T13:00:01+02:00;0.0;35.08;858.0;24.44;1.0;160.0
2023-06-15T11:00:01+02:00;0.0;44.44;702.0;21.27;1.1;123.0
2023-06-15T09:00:01+02:00;0.0;52.93;390.0;18.19;1.1;283.0
2023-06-15T07:00:01+02:00;0.0;62.91;32.0;15.41;0.7;286.0
2023-06-15T03:00:01+02:00;0.0;50.64;0.0;18.28;0.7;19.0
2023-06-14T23:00:01+02:00;0.0;36.25;0.0;22.74;1.4;164.0
2023-06-14T19:00:01+02:00;0.0;28.64;107.0;26.07;1.9;141.0
2023-06-14T18:00:01+02:00;0.0;27.61;489.0;26.69;1.9;136.0
2023-06-14T16:00:01+02:00;0.0;26.61;760.0;26.48;1.9;112.0
2023-06-14T14:00:01+02:00;0.0;28.73;886.0;24.98;1.7;107.0
2023-06-14T08:00:01+02:00;0.0;50.74;249.0;15.24;0.6;238.0
2023-06-14T07:00:01+02:00;0.0;56.3;26.0;13.45;0.5;276.0
2023-06-14T06:00:01+02:00;0.0;57.71;0.0;13.19;0.0;154.0
2023-06-14T03:00:01+02:00;0.0;42.6;0.0;16.87;0.6;205.0
2023-06-14T00:00:01+02:00;0.0;24.62;0.0;21.27;1.0;224.0
2023-06-13T23:00:02+02:00;0.0;22.25;0.0;22.44;1.1;186.0
2023-06-13T22:00:01+02:00;0.0;19.83;0.0;23.99;1.4;181.0
2023-06-13T20:00:01+02:00;0.0;17.34;43.0;26.56;1.7;267.0
2023-06-13T18:00:01+02:00;0.0;22.61;511.0;27.75;1.2;119.0
2023-06-13T16:00:01+02:00;0.0;30.17;775.0;26.26;1.6;113.0
2023-06-13T11:00:01+02:00;0.0;34.5;694.0;22.15;0.9;191.0
2023-06-13T10:00:01+02:00;0.0;37.34;564.0;21.11;1.1;205.0
2023-06-10T03:00:01+02:00;0.0;62.94;0.0;20.7;0.9;334.0
2023-06-10T18:00:01+02:00;0.0;37.08;369.0;28.22;1.3;144.0
2023-06-12T17:00:01+02:00;0.0;25.95;552.0;29.13;1.3;171.0
2023-06-12T04:00:01+02:00;0.0;56.32;0.0;18.33;0.6;231.0
2023-06-12T06:00:01+02:00;0.0;67.37;0.0;16.35;0.6;261.0
2023-06-12T08:00:01+02:00;0.0;57.79;244.0;18.89;0.7;230.0
2023-06-12T13:00:01+02:00;0.0;36.39;773.0;26.13;0.9;169.0
2023-06-12T12:00:01+02:00;0.0;39.89;798.0;24.68;1.0;170.0
2023-06-12T18:00:01+02:00;0.0;26.4;520.0;29.32;1.3;165.0
2023-06-09T21:00:01+02:00;0.0;36.25;35.0;27.28;1.1;163.0
2023-06-09T10:00:01+02:00;0.0;53.18;534.0;21.66;1.5;250.0
2023-06-09T16:00:01+02:00;0.0;26.48;767.0;28.87;1.5;255.0
2023-06-09T13:00:01+02:00;0.0;36.37;850.0;26.58;1.1;268.0
2023-06-09T19:00:01+02:00;0.0;26.78;131.0;29.37;1.0;144.0
2023-06-10T00:00:01+02:00;0.0;48.63;0.0;23.49;1.7;350.0
2023-06-09T23:00:01+02:00;0.0;38.29;0.0;25.22;1.2;269.0
2023-06-10T11:00:01+02:00;0.0;51.54;671.0;24.38;0.7;154.0
2023-06-10T14:00:01+02:00;0.0;41.14;633.0;26.64;1.0;170.0
2023-06-11T05:00:01+02:00;0.0;92.44;0.0;16.73;0.5;246.0
2023-06-11T04:00:01+02:00;0.0;93.52;0.0;17.01;0.5;247.0
2023-06-11T07:00:01+02:00;0.0;90.26;21.0;16.63;0.5;240.0
2023-06-11T08:00:01+02:00;0.0;76.92;217.0;18.92;0.7;224.0
2023-06-11T13:00:01+02:00;0.0;47.67;891.0;26.0;1.1;167.0
2023-06-23T11:00:01+02:00;0.0;62.95;529.0;20.66;2.9;64.0
2023-06-23T10:00:01+02:00;0.0;73.67;325.0;19.71;1.8;81.0
2023-06-23T07:00:01+02:00;0.0;85.18;19.0;18.04;1.3;16.0
2023-06-23T04:00:01+02:00;0.6;91.49;0.0;17.64;2.2;52.0
2023-06-22T23:00:01+02:00;0.0;99.79;0.0;17.47;0.8;136.0
2023-06-22T21:00:01+02:00;0.8;99.99;0.0;16.97;0.7;118.0
2023-06-22T16:00:01+02:00;0.2;64.57;123.0;25.93;1.3;23.0
2023-06-22T15:00:01+02:00;0.0;63.21;319.0;26.77;1.5;60.0
2023-06-22T13:00:01+02:00;0.0;66.74;162.0;26.48;0.5;220.0
2023-06-22T12:00:01+02:00;0.0;68.62;227.0;25.54;1.1;252.0
2023-06-22T10:00:01+02:00;0.0;85.82;229.0;21.41;1.1;203.0
2023-06-22T09:00:01+02:00;0.0;91.19;140.0;20.22;1.2;139.0
2023-06-22T08:00:01+02:00;0.0;97.3;122.0;18.98;0.9;221.0
2023-06-22T06:00:01+02:00;0.0;98.3;0.0;18.55;0.9;242.0
2023-06-22T02:00:01+02:00;0.0;95.85;0.0;20.55;0.7;187.0
2023-06-22T01:00:01+02:00;0.0;96.69;0.0;20.8;0.7;183.0
2023-06-21T20:00:01+02:00;0.4;76.43;16.0;23.91;0.7;237.0
2023-06-21T18:00:01+02:00;0.0;63.31;118.0;25.9;0.7;199.0
2023-06-21T16:00:01+02:00;0.0;57.98;184.0;26.26;1.0;269.0
2023-06-21T15:00:01+02:00;0.0;55.6;719.0;26.8;1.0;218.0
2023-06-21T14:00:01+02:00;0.0;58.87;700.0;25.23;1.1;264.0
2023-06-21T13:00:01+02:00;0.0;60.22;748.0;24.35;0.9;269.0
2023-06-21T10:00:01+02:00;0.0;95.53;40.0;18.39;1.2;234.0
2023-06-21T06:00:01+02:00;0.0;70.31;0.0;21.52;0.6;154.0
2023-06-20T23:00:01+02:00;0.0;86.25;0.0;22.71;1.3;235.0
2023-06-20T22:00:01+02:00;0.0;82.96;1.0;23.04;1.5;257.0
2023-06-20T21:00:01+02:00;0.0;79.06;39.0;23.69;0.9;259.0
2023-06-20T17:00:01+02:00;0.0;32.68;498.0;32.27;1.1;124.0
2023-06-20T12:00:01+02:00;0.0;53.07;704.0;27.27;1.5;244.0
2023-06-20T11:00:02+02:00;0.0;61.45;617.0;25.57;1.5;264.0
2023-06-20T10:00:01+02:00;0.0;65.97;511.0;23.92;1.6;263.0
2023-06-20T09:00:01+02:00;0.0;72.89;328.0;22.46;1.4;238.0
2023-06-20T02:00:01+02:00;0.0;88.77;0.0;20.48;1.8;273.0
2023-06-20T01:00:01+02:00;4.2;72.39;0.0;22.83;1.2;325.0
2023-06-19T21:00:01+02:00;0.0;41.96;26.0;28.84;1.1;181.0
2023-06-19T11:00:01+02:00;0.0;62.28;673.0;24.38;0.8;223.0
2023-06-19T07:00:01+02:00;0.0;86.13;20.0;19.2;1.1;262.0
2023-06-19T03:00:01+02:00;2.8;69.34;0.0;21.69;2.0;29.0
2023-06-19T01:00:01+02:00;0.0;69.35;0.0;21.74;0.7;216.0
2023-06-18T18:00:01+02:00;0.4;34.27;140.0;29.31;2.4;89.0
2023-06-18T17:00:01+02:00;0.0;26.51;369.0;31.11;1.3;146.0
2023-06-18T11:00:01+02:00;0.0;34.56;649.0;25.95;1.1;257.0
2023-06-18T09:00:01+02:00;0.0;47.39;365.0;20.67;1.2;243.0
2023-06-18T07:00:01+02:00;0.0;60.02;44.0;17.07;1.3;264.0
2023-06-18T05:00:01+02:00;0.0;63.46;0.0;17.18;1.0;259.0
2023-06-18T02:00:01+02:00;0.0;54.98;0.0;19.6;0.9;269.0
2023-06-17T22:00:01+02:00;0.0;33.48;0.0;25.75;0.5;218.0
2023-06-17T21:00:01+02:00;0.0;25.81;33.0;27.76;0.6;163.0
2023-06-17T19:00:01+02:00;0.0;23.84;161.0;29.0;1.3;82.0
2023-06-17T17:00:01+02:00;0.0;22.62;608.0;28.57;2.0;87.0
2023-06-17T10:00:01+02:00;0.0;43.07;534.0;21.78;1.0;242.0
2023-06-17T09:00:01+02:00;0.0;51.83;364.0;18.5;1.1;253.0
2023-06-17T06:00:01+02:00;0.0;68.28;1.0;15.14;1.2;261.0
2023-06-16T23:00:01+02:00;0.0;42.35;0.0;22.69;0.8;202.0
2023-06-16T22:00:01+02:00;0.0;35.02;0.0;24.42;0.7;184.0
2023-06-16T21:00:01+02:00;0.0;30.61;17.0;25.6;0.7;185.0
2023-06-16T19:00:01+02:00;0.0;27.61;134.0;26.63;1.1;158.0
2023-06-16T18:00:01+02:00;0.0;26.97;231.0;26.79;0.9;151.0
2023-06-16T16:00:01+02:00;0.0;25.72;778.0;27.12;1.2;137.0
2023-06-16T15:00:01+02:00;0.0;25.52;875.0;26.73;1.2;131.0
2023-06-16T13:00:01+02:00;0.0;26.77;862.0;25.73;1.1;143.0
2023-06-16T11:00:01+02:00;0.0;39.03;679.0;23.96;0.6;179.0
2023-06-16T09:00:01+02:00;0.0;58.17;371.0;19.42;0.9;194.0
2023-06-16T08:00:01+02:00;0.0;68.83;221.0;17.2;1.0;236.0
2023-06-16T02:00:01+02:00;0.0;46.95;0.0;20.73;0.5;118.0
2023-06-15T23:00:01+02:00;0.0;39.53;0.0;23.58;0.8;171.0
2023-06-15T22:00:01+02:00;0.0;37.64;0.0;24.17;0.9;120.0
2023-06-15T17:00:01+02:00;0.0;25.07;652.0;26.75;1.6;118.0
2023-06-15T16:00:01+02:00;0.0;29.17;639.0;26.34;1.3;126.0
2023-06-15T15:00:01+02:00;0.0;30.24;802.0;26.15;1.1;125.0
2023-06-15T10:00:01+02:00;0.0;47.93;542.0;20.04;1.0;11.0
2023-06-15T05:00:01+02:00;0.0;64.52;0.0;15.53;0.6;271.0
2023-06-15T02:00:01+02:00;0.0;47.48;0.0;19.24;0.8;25.0
2023-06-15T01:00:01+02:00;0.0;44.4;0.0;20.42;0.8;80.0
2023-06-14T22:00:01+02:00;0.0;34.32;0.0;23.46;1.6;160.0
2023-06-14T15:00:01+02:00;0.0;27.12;847.0;25.97;1.4;130.0
2023-06-14T13:00:01+02:00;0.0;31.32;866.0;23.73;1.9;121.0
2023-06-14T12:00:01+02:00;0.0;34.49;800.0;22.48;1.4;148.0
2023-06-14T09:00:01+02:00;0.0;43.17;410.0;18.0;0.8;196.0
2023-06-14T05:00:01+02:00;0.0;53.81;0.0;13.95;0.3;297.0
2023-06-14T04:00:01+02:00;0.0;47.78;0.0;14.83;0.4;278.0
2023-06-14T02:00:01+02:00;0.0;33.74;0.0;18.93;0.7;253.0
2023-06-13T19:00:01+02:00;0.0;20.14;105.0;27.49;1.6;278.0
2023-06-13T14:00:01+02:00;0.0;33.15;901.0;24.68;1.3;122.0
2023-06-13T12:00:01+02:00;0.0;33.66;804.0;23.14;0.9;152.0
2023-06-13T09:00:01+02:00;0.0;39.95;412.0;19.69;1.4;229.0
2023-06-13T08:00:01+02:00;0.0;43.89;245.0;18.62;1.3;246.0
2023-06-13T06:00:01+02:00;0.0;49.81;0.0;17.32;0.8;261.0
2023-06-13T05:00:01+02:00;0.0;49.94;0.0;17.72;0.6;256.0
