minute	Datum	Tageszeit	Wassertemperatur	Lufttemperatur	WLdiff
2023-04-30T05:00	2023-04-30	05:00	12.32	11.02	1.3
2023-04-30T06:00	2023-04-30	06:00	12.3	10.98	1.32
2023-04-30T07:00	2023-04-30	07:00	12.28	10.93	1.35
2023-04-30T08:00	2023-04-30	08:00	12.24	10.92	1.32
2023-04-30T09:00	2023-04-30	09:00	12.2	11.28	0.92
2023-04-30T10:00	2023-04-30	10:00	12.2	11.93	0.27
2023-04-30T11:00	2023-04-30	11:00	12.25	13.23	-0.98
2023-04-30T12:00	2023-04-30	12:00	12.29	14.46	-2.17
2023-04-30T13:00	2023-04-30	13:00	12.34	15.69	-3.35
2023-04-30T14:00	2023-04-30	14:00	12.4	16.51	-4.11
2023-04-30T15:00	2023-04-30	15:00	12.47	17.23	-4.76
2023-04-30T16:00	2023-04-30	16:00	12.5	17.79	-5.29
2023-04-30T17:00	2023-04-30	17:00	12.53	17.74	-5.21
2023-04-30T18:00	2023-04-30	18:00	12.55	17.8	-5.25
2023-04-30T19:00	2023-04-30	19:00	12.52	17.62	-5.1
2023-04-30T20:00	2023-04-30	20:00	12.5	17.33	-4.83
2023-04-30T21:00	2023-04-30	21:00	12.51	16.74	-4.23
2023-04-30T22:00	2023-04-30	22:00	12.52	15.99	-3.47
2023-04-30T23:00	2023-04-30	23:00	12.51	15.33	-2.82
2023-05-01T00:00	2023-05-01	00:00	12.5	14.66	-2.16
2023-05-01T01:00	2023-05-01	01:00	12.5	14.25	-1.75
2023-05-01T02:00	2023-05-01	02:00	12.49	13.61	-1.12
2023-05-01T03:00	2023-05-01	03:00	12.47	12.75	-0.28
2023-05-01T04:00	2023-05-01	04:00	12.46	11.84	0.62
2023-05-01T05:00	2023-05-01	05:00	12.44	11.28	1.16
2023-05-01T06:00	2023-05-01	06:00	12.44	11.23	1.21
2023-05-01T07:00	2023-05-01	07:00	12.43	11.16	1.27
2023-05-01T08:00	2023-05-01	08:00	12.39	10.99	1.4
2023-05-01T09:00	2023-05-01	09:00	12.34	11.1	1.24
2023-05-01T10:00	2023-05-01	10:00	12.3	11.39	0.91
2023-05-01T11:00	2023-05-01	11:00	12.27	11.88	0.39
2023-05-01T12:00	2023-05-01	12:00	12.23	12.87	-0.64
2023-05-01T13:00	2023-05-01	13:00	12.25	14.49	-2.24
2023-05-01T14:00	2023-05-01	14:00	12.34	15.45	-3.11
2023-05-01T15:00	2023-05-01	15:00	12.42	16.0	-3.58
2023-05-01T16:00	2023-05-01	16:00	12.47	16.95	-4.48
2023-05-01T17:00	2023-05-01	17:00	12.52	16.75	-4.23
2023-05-01T18:00	2023-05-01	18:00	12.53	17.06	-4.53
2023-05-01T19:00	2023-05-01	19:00	12.54	16.35	-3.81
2023-05-01T20:00	2023-05-01	20:00	12.52	15.82	-3.3
2023-05-01T21:00	2023-05-01	21:00	12.49	15.0	-2.51
2023-05-01T22:00	2023-05-01	22:00	12.47	14.26	-1.79
2023-05-01T23:00	2023-05-01	23:00	12.47	14.12	-1.65
2023-05-02T00:00	2023-05-02	00:00	12.44	13.19	-0.75
2023-05-02T01:00	2023-05-02	01:00	12.39	11.9	0.49
2023-05-02T02:00	2023-05-02	02:00	12.34	11.58	0.76
2023-05-02T03:00	2023-05-02	03:00	12.29	11.16	1.13
2023-05-02T04:00	2023-05-02	04:00	12.19	10.97	1.22
2023-05-02T05:00	2023-05-02	05:00	12.1	10.41	1.69
2023-05-02T06:00	2023-05-02	06:00	12.0	10.09	1.91
2023-05-02T07:00	2023-05-02	07:00	11.93	9.84	2.09
2023-05-02T08:00	2023-05-02	08:00	11.86	10.42	1.44
2023-05-02T09:00	2023-05-02	09:00	11.83	12.18	-0.35
2023-05-02T10:00	2023-05-02	10:00	11.8	13.5	-1.7
2023-05-02T11:00	2023-05-02	11:00	11.77	14.66	-2.89
2023-05-02T12:00	2023-05-02	12:00	11.8	14.99	-3.19
2023-05-02T13:00	2023-05-02	13:00	11.85	16.08	-4.23
2023-05-02T14:00	2023-05-02	14:00	11.91	17.07	-5.16
2023-05-02T15:00	2023-05-02	15:00	11.93	17.79	-5.86
2023-05-02T16:00	2023-05-02	16:00	12.02	18.65	-6.63
2023-05-02T17:00	2023-05-02	17:00	12.03	19.0	-6.97
2023-05-02T18:00	2023-05-02	18:00	12.03	19.04	-7.01
2023-05-02T19:00	2023-05-02	19:00	12.08	18.28	-6.2
2023-05-02T20:00	2023-05-02	20:00	12.11	16.54	-4.43
2023-05-02T21:00	2023-05-02	21:00	12.07	15.63	-3.56
2023-05-02T22:00	2023-05-02	22:00	12.05	14.07	-2.02
2023-05-02T23:00	2023-05-02	23:00	12.05	13.25	-1.2
2023-05-03T00:00	2023-05-03	00:00	12.03	12.4	-0.37
2023-05-03T01:00	2023-05-03	01:00	12.02	11.47	0.55
2023-05-03T02:00	2023-05-03	02:00	11.98	10.95	1.03
2023-05-03T03:00	2023-05-03	03:00	11.93	10.01	1.92
2023-05-03T04:00	2023-05-03	04:00	11.89	9.75	2.14
2023-05-03T05:00	2023-05-03	05:00	11.86	9.09	2.77
2023-05-03T06:00	2023-05-03	06:00	11.83	8.31	3.52
2023-05-03T07:00	2023-05-03	07:00	11.8	7.8	4.0
2023-05-03T08:00	2023-05-03	08:00	11.79	8.07	3.72
2023-05-03T09:00	2023-05-03	09:00	11.8	9.14	2.66
2023-05-03T10:00	2023-05-03	10:00	11.85	11.03	0.82
2023-05-03T11:00	2023-05-03	11:00	11.87	12.4	-0.53
2023-05-03T12:00	2023-05-03	12:00	11.92	13.23	-1.31
2023-05-03T13:00	2023-05-03	13:00	12.01	14.78	-2.77
2023-05-03T14:00	2023-05-03	14:00	12.1	16.79	-4.69
2023-05-03T15:00	2023-05-03	15:00	12.19	18.31	-6.12
2023-05-03T16:00	2023-05-03	16:00	12.28	19.93	-7.65
2023-05-03T17:00	2023-05-03	17:00	12.34	20.75	-8.41
2023-05-03T18:00	2023-05-03	18:00	12.37	20.59	-8.22
2023-05-03T19:00	2023-05-03	19:00	12.38	20.25	-7.87
2023-05-03T20:00	2023-05-03	20:00	12.36	19.34	-6.98
2023-05-03T21:00	2023-05-03	21:00	12.31	18.01	-5.7
2023-05-03T22:00	2023-05-03	22:00	12.27	16.94	-4.67
2023-05-03T23:00	2023-05-03	23:00	12.26	16.01	-3.75
2023-05-04T00:00	2023-05-04	00:00	12.28	14.52	-2.24
2023-05-04T01:00	2023-05-04	01:00	12.31	13.67	-1.36
2023-05-04T02:00	2023-05-04	02:00	12.33	12.68	-0.35
2023-05-04T03:00	2023-05-04	03:00	12.34	11.74	0.6
2023-05-04T04:00	2023-05-04	04:00	12.35	11.43	0.92
2023-05-04T05:00	2023-05-04	05:00	12.34	10.61	1.73
2023-05-04T06:00	2023-05-04	06:00	12.33	9.41	2.92
2023-05-04T07:00	2023-05-04	07:00	12.32	9.84	2.48
2023-05-04T08:00	2023-05-04	08:00	12.33	10.86	1.47
2023-05-04T09:00	2023-05-04	09:00	12.35	13.47	-1.12
2023-05-04T10:00	2023-05-04	10:00	12.36	15.86	-3.5
2023-05-04T11:00	2023-05-04	11:00	12.41	17.34	-4.93
2023-05-04T12:00	2023-05-04	12:00	12.5	19.14	-6.64
2023-05-04T13:00	2023-05-04	13:00	12.62	21.15	-8.53
2023-05-04T14:00	2023-05-04	14:00	12.74	22.95	-10.21
2023-05-04T15:00	2023-05-04	15:00	12.86	23.85	-10.99
2023-05-04T16:00	2023-05-04	16:00	12.96	24.8	-11.84
2023-05-04T17:00	2023-05-04	17:00	13.03	25.59	-12.56
2023-05-04T18:00	2023-05-04	18:00	13.08	25.43	-12.35
2023-05-04T19:00	2023-05-04	19:00	13.1	25.41	-12.31
2023-05-04T20:00	2023-05-04	20:00	13.11	24.99	-11.88
2023-05-04T21:00	2023-05-04	21:00	13.11	24.19	-11.08
2023-05-04T22:00	2023-05-04	22:00	13.09	22.35	-9.26
2023-05-04T23:00	2023-05-04	23:00	13.04	21.47	-8.43
2023-05-05T00:00	2023-05-05	00:00	13.01	19.91	-6.9
2023-05-05T01:00	2023-05-05	01:00	13.01	18.01	-5.0
2023-05-05T02:00	2023-05-05	02:00	13.03	16.82	-3.79
2023-05-05T03:00	2023-05-05	03:00	13.04	15.69	-2.65
2023-05-05T04:00	2023-05-05	04:00	13.04	15.3	-2.26
2023-05-05T05:00	2023-05-05	05:00	13.04	14.87	-1.83
2023-05-05T06:00	2023-05-05	06:00	13.03	14.41	-1.38
2023-05-05T07:00	2023-05-05	07:00	13.04	14.42	-1.38
2023-05-05T08:00	2023-05-05	08:00	13.05	14.8	-1.75
2023-05-05T09:00	2023-05-05	09:00	13.09	15.46	-2.37
2023-05-05T10:00	2023-05-05	10:00	13.14	17.35	-4.21
2023-05-05T11:00	2023-05-05	11:00	13.15	19.99	-6.84
2023-05-05T12:00	2023-05-05	12:00	13.18	21.1	-7.92
2023-05-05T13:00	2023-05-05	13:00	13.27	21.96	-8.69
2023-05-05T14:00	2023-05-05	14:00	13.35	23.5	-10.15
2023-05-05T15:00	2023-05-05	15:00	13.37	24.03	-10.66
2023-05-05T16:00	2023-05-05	16:00	13.46	20.69	-7.23
2023-05-05T17:00	2023-05-05	17:00	13.52	15.59	-2.07
2023-05-05T18:00	2023-05-05	18:00	13.56	15.41	-1.85
2023-05-05T19:00	2023-05-05	19:00	13.64	15.96	-2.32
2023-05-05T20:00	2023-05-05	20:00	13.68	17.0	-3.32
2023-05-05T21:00	2023-05-05	21:00	13.7	16.91	-3.21
2023-05-05T22:00	2023-05-05	22:00	13.74	16.0	-2.26
2023-05-05T23:00	2023-05-05	23:00	13.76	15.59	-1.83
2023-05-06T00:00	2023-05-06	00:00	13.75	15.29	-1.54
2023-05-06T01:00	2023-05-06	01:00	13.74	14.99	-1.25
2023-05-06T02:00	2023-05-06	02:00	13.7	14.89	-1.19
2023-05-06T03:00	2023-05-06	03:00	13.7	14.53	-0.83
2023-05-06T04:00	2023-05-06	04:00	13.69	13.84	-0.15
2023-05-06T05:00	2023-05-06	05:00	13.68	13.63	0.05
2023-05-06T06:00	2023-05-06	06:00	13.65	13.31	0.34
2023-05-06T07:00	2023-05-06	07:00	13.63	13.47	0.16
2023-05-06T08:00	2023-05-06	08:00	13.61	13.59	0.02
2023-05-06T09:00	2023-05-06	09:00	13.61	14.73	-1.12
2023-05-06T10:00	2023-05-06	10:00	13.6	16.24	-2.64
2023-05-06T11:00	2023-05-06	11:00	13.65	17.07	-3.42
2023-05-06T12:00	2023-05-06	12:00	13.68	18.49	-4.81
2023-05-06T13:00	2023-05-06	13:00	13.7	19.28	-5.58
2023-05-06T14:00	2023-05-06	14:00	13.7	20.33	-6.63
2023-05-06T15:00	2023-05-06	15:00	13.75	21.35	-7.6
2023-05-06T16:00	2023-05-06	16:00	13.83	21.82	-7.99
2023-05-06T17:00	2023-05-06	17:00	13.92	22.27	-8.35
2023-05-06T18:00	2023-05-06	18:00	13.97	22.01	-8.04
2023-05-06T19:00	2023-05-06	19:00	14.01	22.13	-8.12
2023-05-06T20:00	2023-05-06	20:00	14.04	21.94	-7.9
2023-05-06T21:00	2023-05-06	21:00	14.09	20.76	-6.67
2023-05-06T22:00	2023-05-06	22:00	14.12	19.29	-5.17
2023-05-06T23:00	2023-05-06	23:00	14.13	17.43	-3.3
2023-05-07T00:00	2023-05-07	00:00	14.14	16.56	-2.42
2023-05-07T01:00	2023-05-07	01:00	14.12	15.93	-1.81
2023-05-07T02:00	2023-05-07	02:00	14.1	14.7	-0.6
2023-05-07T03:00	2023-05-07	03:00	14.11	14.14	-0.03
2023-05-07T04:00	2023-05-07	04:00	14.13	13.25	0.88
2023-05-07T05:00	2023-05-07	05:00	14.15	12.85	1.3
2023-05-07T06:00	2023-05-07	06:00	14.17	12.54	1.63
2023-05-07T07:00	2023-05-07	07:00	14.16	12.46	1.7
2023-05-07T08:00	2023-05-07	08:00	14.15	13.03	1.12
2023-05-07T09:00	2023-05-07	09:00	14.16	14.45	-0.29
2023-05-07T10:00	2023-05-07	10:00	14.15	17.51	-3.36
2023-05-07T11:00	2023-05-07	11:00	14.15	18.68	-4.53
2023-05-07T12:00	2023-05-07	12:00	14.15	19.05	-4.9
2023-05-07T13:00	2023-05-07	13:00	14.18	19.46	-5.28
2023-05-07T14:00	2023-05-07	14:00	14.18	18.79	-4.61
2023-05-07T15:00	2023-05-07	15:00	14.28	16.73	-2.45
2023-05-07T16:00	2023-05-07	16:00	14.33	18.24	-3.91
2023-05-07T17:00	2023-05-07	17:00	14.37	19.54	-5.17
2023-05-07T18:00	2023-05-07	18:00	14.41	20.08	-5.67
2023-05-07T19:00	2023-05-07	19:00	14.43	17.94	-3.51
2023-05-07T20:00	2023-05-07	20:00	14.47	17.15	-2.68
2023-05-07T21:00	2023-05-07	21:00	14.52	15.69	-1.17
2023-05-07T22:00	2023-05-07	22:00	14.57	15.2	-0.63
2023-05-07T23:00	2023-05-07	23:00	14.59	15.0	-0.41
2023-05-08T00:00	2023-05-08	00:00	14.61	14.96	-0.35
2023-05-08T01:00	2023-05-08	01:00	14.65	14.87	-0.22
2023-05-08T02:00	2023-05-08	02:00	14.66	14.68	-0.02
2023-05-08T03:00	2023-05-08	03:00	14.68	14.65	0.03
2023-05-08T04:00	2023-05-08	04:00	14.72	14.65	0.07
2023-05-08T05:00	2023-05-08	05:00	14.75	14.65	0.1
2023-05-08T06:00	2023-05-08	06:00	14.77	14.71	0.06
2023-05-08T07:00	2023-05-08	07:00	14.81	14.77	0.04
2023-05-08T08:00	2023-05-08	08:00	14.84	14.9	-0.06
2023-05-08T09:00	2023-05-08	09:00	14.85	15.22	-0.37
2023-05-08T10:00	2023-05-08	10:00	14.86	15.16	-0.3
2023-05-08T11:00	2023-05-08	11:00	14.89	16.01	-1.12
2023-05-08T12:00	2023-05-08	12:00	14.91	15.91	-1.0
2023-05-08T13:00	2023-05-08	13:00	14.95	16.78	-1.83
2023-05-08T14:00	2023-05-08	14:00	14.94	16.86	-1.92
2023-05-08T15:00	2023-05-08	15:00	14.97	17.73	-2.76
2023-05-08T16:00	2023-05-08	16:00	15.08	18.18	-3.1
2023-05-08T17:00	2023-05-08	17:00	15.1	19.14	-4.04
2023-05-08T18:00	2023-05-08	18:00	15.02	19.66	-4.64
2023-05-08T19:00	2023-05-08	19:00	14.89	19.01	-4.12
2023-05-08T20:00	2023-05-08	20:00	14.78	16.71	-1.93
2023-05-08T21:00	2023-05-08	21:00	14.66	15.63	-0.97
2023-05-08T22:00	2023-05-08	22:00	14.52	15.39	-0.87
2023-05-08T23:00	2023-05-08	23:00	14.43	14.7	-0.27
2023-05-09T00:00	2023-05-09	00:00	14.35	14.39	-0.04
2023-05-09T01:00	2023-05-09	01:00	14.27	14.12	0.15
2023-05-09T02:00	2023-05-09	02:00	14.18	13.75	0.43
2023-05-09T03:00	2023-05-09	03:00	14.14	13.28	0.86
2023-05-09T04:00	2023-05-09	04:00	14.11	12.6	1.51
2023-05-09T05:00	2023-05-09	05:00	14.08	12.49	1.59
2023-05-09T06:00	2023-05-09	06:00	14.0	12.37	1.63
2023-05-09T07:00	2023-05-09	07:00	13.9	12.38	1.52
2023-05-09T08:00	2023-05-09	08:00	13.71	12.87	0.84
2023-05-09T09:00	2023-05-09	09:00	13.62	13.68	-0.06
2023-05-09T10:00	2023-05-09	10:00	13.63	15.68	-2.05
2023-05-09T11:00	2023-05-09	11:00	13.71	17.85	-4.14
2023-05-09T12:00	2023-05-09	12:00	13.82	19.63	-5.81
2023-05-09T13:00	2023-05-09	13:00	13.97	20.03	-6.06
2023-05-09T14:00	2023-05-09	14:00	14.08	20.82	-6.74
2023-05-09T15:00	2023-05-09	15:00	14.12	21.2	-7.08
2023-05-09T16:00	2023-05-09	16:00	14.16	20.88	-6.72
2023-05-09T17:00	2023-05-09	17:00	14.19	17.43	-3.24
2023-05-09T18:00	2023-05-09	18:00	14.18	16.2	-2.02
2023-05-09T19:00	2023-05-09	19:00	14.16	15.79	-1.63
2023-05-09T20:00	2023-05-09	20:00	14.11	15.14	-1.03
2023-05-09T21:00	2023-05-09	21:00	14.01	14.96	-0.95
2023-05-09T22:00	2023-05-09	22:00	14.0	14.37	-0.37
2023-05-09T23:00	2023-05-09	23:00	13.99	14.16	-0.17
2023-05-10T00:00	2023-05-10	00:00	14.0	14.22	-0.22
2023-05-10T01:00	2023-05-10	01:00	14.06	14.13	-0.07
2023-05-10T02:00	2023-05-10	02:00	14.1	13.98	0.12
2023-05-10T03:00	2023-05-10	03:00	14.11	13.73	0.38
2023-05-10T04:00	2023-05-10	04:00	14.09	13.79	0.3
2023-05-10T05:00	2023-05-10	05:00	14.07	13.75	0.32
2023-05-10T06:00	2023-05-10	06:00	14.06	13.42	0.64
2023-05-10T07:00	2023-05-10	07:00	14.07	12.61	1.46
2023-05-10T08:00	2023-05-10	08:00	14.03	12.05	1.98
2023-05-10T09:00	2023-05-10	09:00	14.05	12.91	1.14
2023-05-10T10:00	2023-05-10	10:00	14.15	13.31	0.84
2023-05-10T11:00	2023-05-10	11:00	14.29	13.76	0.53
2023-05-10T12:00	2023-05-10	12:00	14.44	14.28	0.16
2023-05-10T13:00	2023-05-10	13:00	14.5	14.98	-0.48
2023-05-10T14:00	2023-05-10	14:00	14.53	15.64	-1.11
2023-05-10T15:00	2023-05-10	15:00	14.58	15.41	-0.83
2023-05-10T16:00	2023-05-10	16:00	14.61	15.93	-1.32
2023-05-10T17:00	2023-05-10	17:00	14.59	16.35	-1.76
2023-05-10T18:00	2023-05-10	18:00	14.56	16.27	-1.71
2023-05-10T19:00	2023-05-10	19:00	14.45	15.34	-0.89
2023-05-10T20:00	2023-05-10	20:00	14.39	15.12	-0.73
2023-05-10T21:00	2023-05-10	21:00	14.36	14.3	0.06
2023-05-10T22:00	2023-05-10	22:00	14.32	13.27	1.05
2023-05-10T23:00	2023-05-10	23:00	14.29	12.74	1.55
2023-05-11T00:00	2023-05-11	00:00	14.24	12.37	1.87
2023-05-11T01:00	2023-05-11	01:00	14.18	12.3	1.88
2023-05-11T02:00	2023-05-11	02:00	14.1	12.29	1.81
2023-05-11T03:00	2023-05-11	03:00	14.0	12.21	1.79
2023-05-11T04:00	2023-05-11	04:00	13.9	12.15	1.75
2023-05-11T05:00	2023-05-11	05:00	13.77	11.85	1.92
2023-05-11T06:00	2023-05-11	06:00	13.61	11.33	2.28
2023-05-11T07:00	2023-05-11	07:00	13.48	11.07	2.41
2023-05-11T08:00	2023-05-11	08:00	13.36	11.44	1.92
2023-05-11T09:00	2023-05-11	09:00	13.31	11.84	1.47
2023-05-11T10:00	2023-05-11	10:00	13.26	12.64	0.62
2023-05-11T11:00	2023-05-11	11:00	13.21	13.18	0.03
2023-05-11T12:00	2023-05-11	12:00	13.19	11.9	1.29
2023-05-11T13:00	2023-05-11	13:00	13.19	12.49	0.7
2023-05-11T14:00	2023-05-11	14:00	13.28	13.84	-0.56
2023-05-11T15:00	2023-05-11	15:00	13.34	14.23	-0.89
2023-05-11T16:00	2023-05-11	16:00	13.39	13.98	-0.59
2023-05-11T17:00	2023-05-11	17:00	13.39	13.7	-0.31
2023-05-11T18:00	2023-05-11	18:00	13.32	14.6	-1.28
2023-05-11T19:00	2023-05-11	19:00	13.19	13.44	-0.25
2023-05-11T20:00	2023-05-11	20:00	13.05	12.53	0.52
2023-05-11T21:00	2023-05-11	21:00	13.01	12.09	0.92
2023-05-11T22:00	2023-05-11	22:00	12.98	12.07	0.91
2023-05-11T23:00	2023-05-11	23:00	12.95	11.62	1.33
2023-05-12T00:00	2023-05-12	00:00	12.97	11.41	1.56
2023-05-12T01:00	2023-05-12	01:00	12.98	11.21	1.77
2023-05-12T02:00	2023-05-12	02:00	12.96	10.92	2.04
2023-05-12T03:00	2023-05-12	03:00	12.93	10.9	2.03
2023-05-12T04:00	2023-05-12	04:00	12.89	10.82	2.07
2023-05-12T05:00	2023-05-12	05:00	12.86	10.78	2.08
2023-05-12T06:00	2023-05-12	06:00	12.78	10.62	2.16
2023-05-12T07:00	2023-05-12	07:00	12.73	11.0	1.73
2023-05-12T08:00	2023-05-12	08:00	12.78	11.11	1.67
2023-05-12T09:00	2023-05-12	09:00	12.86	10.96	1.9
2023-05-12T10:00	2023-05-12	10:00	12.94	11.26	1.68
2023-05-12T11:00	2023-05-12	11:00	13.01	12.0	1.01
2023-05-12T12:00	2023-05-12	12:00	13.1	13.07	0.03
2023-05-12T13:00	2023-05-12	13:00	13.18	14.92	-1.74
2023-05-12T14:00	2023-05-12	14:00	13.3	15.73	-2.43
2023-05-12T15:00	2023-05-12	15:00	13.45	16.44	-2.99
2023-05-12T16:00	2023-05-12	16:00	13.46	17.19	-3.73
2023-05-12T17:00	2023-05-12	17:00	13.53	17.66	-4.13
2023-05-12T18:00	2023-05-12	18:00	13.44	16.91	-3.47
2023-05-12T19:00	2023-05-12	19:00	13.45	16.0	-2.55
2023-05-12T20:00	2023-05-12	20:00	13.52	15.82	-2.3
2023-05-12T21:00	2023-05-12	21:00	13.65	15.26	-1.61
2023-05-12T22:00	2023-05-12	22:00	13.71	14.59	-0.88
2023-05-12T23:00	2023-05-12	23:00	13.75	13.97	-0.22
2023-05-13T00:00	2023-05-13	00:00	13.79	13.74	0.05
2023-05-13T01:00	2023-05-13	01:00	13.84	13.4	0.44
2023-05-13T02:00	2023-05-13	02:00	13.84	12.94	0.9
2023-05-13T03:00	2023-05-13	03:00	13.81	12.78	1.03
2023-05-13T04:00	2023-05-13	04:00	13.81	12.63	1.18
2023-05-13T05:00	2023-05-13	05:00	13.83	12.19	1.64
2023-05-13T06:00	2023-05-13	06:00	13.83	11.82	2.01
2023-05-13T07:00	2023-05-13	07:00	13.77	11.61	2.16
2023-05-13T08:00	2023-05-13	08:00	13.7	11.59	2.11
2023-05-13T09:00	2023-05-13	09:00	13.7	11.8	1.9
2023-05-13T10:00	2023-05-13	10:00	13.74	11.86	1.88
2023-05-13T11:00	2023-05-13	11:00	13.76	12.13	1.63
2023-05-13T12:00	2023-05-13	12:00	13.78	12.84	0.94
2023-05-13T13:00	2023-05-13	13:00	13.81	13.74	0.07
2023-05-13T14:00	2023-05-13	14:00	13.8	14.72	-0.92
2023-05-13T15:00	2023-05-13	15:00	13.75	15.33	-1.58
2023-05-13T16:00	2023-05-13	16:00	13.75	15.13	-1.38
2023-05-13T17:00	2023-05-13	17:00	13.78	15.82	-2.04
2023-05-13T18:00	2023-05-13	18:00	13.74	14.28	-0.54
2023-05-13T19:00	2023-05-13	19:00	13.66	13.42	0.24
2023-05-13T20:00	2023-05-13	20:00	13.6	13.45	0.15
2023-05-13T21:00	2023-05-13	21:00	13.6	13.61	-0.01
2023-05-13T22:00	2023-05-13	22:00	13.6	12.8	0.8
2023-05-13T23:00	2023-05-13	23:00	13.61	11.97	1.64
2023-05-14T00:00	2023-05-14	00:00	13.61	11.58	2.03
2023-05-14T01:00	2023-05-14	01:00	13.61	11.36	2.25
2023-05-14T02:00	2023-05-14	02:00	13.64	11.07	2.57
2023-05-14T03:00	2023-05-14	03:00	13.65	10.49	3.16
2023-05-14T04:00	2023-05-14	04:00	13.61	10.14	3.47
2023-05-14T05:00	2023-05-14	05:00	13.55	10.21	3.34
2023-05-14T06:00	2023-05-14	06:00	13.53	9.96	3.57
2023-05-14T07:00	2023-05-14	07:00	13.54	10.44	3.1
2023-05-14T08:00	2023-05-14	08:00	13.59	10.74	2.85
2023-05-14T09:00	2023-05-14	09:00	13.58	11.16	2.42
2023-05-14T10:00	2023-05-14	10:00	13.56	12.28	1.28
2023-05-14T11:00	2023-05-14	11:00	13.62	13.03	0.59
2023-05-14T12:00	2023-05-14	12:00	13.71	14.02	-0.31
2023-05-14T13:00	2023-05-14	13:00	13.79	15.44	-1.65
2023-05-14T14:00	2023-05-14	14:00	13.86	15.62	-1.76
2023-05-14T15:00	2023-05-14	15:00	13.86	17.14	-3.28
2023-05-14T16:00	2023-05-14	16:00	13.84	17.88	-4.04
2023-05-14T17:00	2023-05-14	17:00	13.81	16.18	-2.37
2023-05-14T18:00	2023-05-14	18:00	13.67	15.84	-2.17
2023-05-14T19:00	2023-05-14	19:00	13.62	16.26	-2.64
2023-05-14T20:00	2023-05-14	20:00	13.54	15.4	-1.86
2023-05-14T21:00	2023-05-14	21:00	13.46	14.59	-1.13
2023-05-14T22:00	2023-05-14	22:00	13.39	13.96	-0.57
2023-05-14T23:00	2023-05-14	23:00	13.32	13.42	-0.1
2023-05-15T00:00	2023-05-15	00:00	13.31	12.76	0.55
2023-05-15T01:00	2023-05-15	01:00	13.34	12.14	1.2
2023-05-15T02:00	2023-05-15	02:00	13.36	11.7	1.66
2023-05-15T03:00	2023-05-15	03:00	13.43	11.28	2.15
2023-05-15T04:00	2023-05-15	04:00	13.47	11.25	2.22
2023-05-15T05:00	2023-05-15	05:00	13.48	10.7	2.78
2023-05-15T06:00	2023-05-15	06:00	13.47	10.47	3.0
2023-05-15T07:00	2023-05-15	07:00	13.46	10.64	2.82
2023-05-15T08:00	2023-05-15	08:00	13.43	11.24	2.19
2023-05-15T09:00	2023-05-15	09:00	13.38	12.04	1.34
2023-05-15T10:00	2023-05-15	10:00	13.39	12.95	0.44
2023-05-15T11:00	2023-05-15	11:00	13.4	13.98	-0.58
2023-05-15T12:00	2023-05-15	12:00	13.47	14.98	-1.51
2023-05-15T13:00	2023-05-15	13:00	13.54	16.37	-2.83
2023-05-15T14:00	2023-05-15	14:00	13.61	17.86	-4.25
2023-05-15T15:00	2023-05-15	15:00	13.68	17.85	-4.17
2023-05-15T16:00	2023-05-15	16:00	13.7	16.64	-2.94
2023-05-15T17:00	2023-05-15	17:00	13.73	16.62	-2.89
2023-05-15T18:00	2023-05-15	18:00	13.74	17.1	-3.36
2023-05-15T19:00	2023-05-15	19:00	13.7	17.29	-3.59
2023-05-15T20:00	2023-05-15	20:00	13.64	15.05	-1.41
2023-05-15T21:00	2023-05-15	21:00	13.58	12.71	0.87
2023-05-15T22:00	2023-05-15	22:00	13.51	12.59	0.92
2023-05-15T23:00	2023-05-15	23:00	13.43	12.44	0.99
2023-05-16T00:00	2023-05-16	00:00	13.4	12.21	1.19
2023-05-16T01:00	2023-05-16	01:00	13.42	11.85	1.57
2023-05-16T02:00	2023-05-16	02:00	13.46	11.64	1.82
2023-05-16T03:00	2023-05-16	03:00	13.53	11.31	2.22
2023-05-16T04:00	2023-05-16	04:00	13.59	11.11	2.48
2023-05-16T05:00	2023-05-16	05:00	13.61	11.39	2.22
2023-05-16T06:00	2023-05-16	06:00	13.61	11.75	1.86
2023-05-16T07:00	2023-05-16	07:00	13.62	11.62	2.0
2023-05-16T08:00	2023-05-16	08:00	13.61	11.43	2.18
2023-05-16T09:00	2023-05-16	09:00	13.63	10.98	2.65
2023-05-16T10:00	2023-05-16	10:00	13.63	10.84	2.79
2023-05-16T11:00	2023-05-16	11:00	13.66	10.71	2.95
2023-05-16T12:00	2023-05-16	12:00	13.71	10.74	2.97
2023-05-16T13:00	2023-05-16	13:00	13.74	10.91	2.83
2023-05-16T14:00	2023-05-16	14:00	13.75	11.04	2.71
2023-05-16T15:00	2023-05-16	15:00	13.75	10.94	2.81
2023-05-16T16:00	2023-05-16	16:00	13.75	11.13	2.62
2023-05-16T17:00	2023-05-16	17:00	13.76	10.87	2.89
2023-05-16T18:00	2023-05-16	18:00	13.75	10.37	3.38
2023-05-16T19:00	2023-05-16	19:00	13.71	10.31	3.4
2023-05-16T20:00	2023-05-16	20:00	13.68	10.23	3.45
2023-05-16T21:00	2023-05-16	21:00	13.61	10.48	3.13
2023-05-16T22:00	2023-05-16	22:00	13.53	10.24	3.29
2023-05-16T23:00	2023-05-16	23:00	13.45	10.01	3.44
2023-05-17T00:00	2023-05-17	00:00	13.35	9.76	3.59
2023-05-17T01:00	2023-05-17	01:00	13.32	9.79	3.53
2023-05-17T02:00	2023-05-17	02:00	13.32	9.83	3.49
2023-05-17T03:00	2023-05-17	03:00	13.32	9.08	4.24
2023-05-17T04:00	2023-05-17	04:00	13.3	8.77	4.53
2023-05-17T05:00	2023-05-17	05:00	13.27	8.4	4.87
2023-05-17T06:00	2023-05-17	06:00	13.2	8.08	5.12
2023-05-17T07:00	2023-05-17	07:00	13.14	7.65	5.49
2023-05-17T08:00	2023-05-17	08:00	13.1	8.03	5.07
2023-05-17T09:00	2023-05-17	09:00	13.12	9.59	3.53
2023-05-17T10:00	2023-05-17	10:00	13.15	10.49	2.66
2023-05-17T11:00	2023-05-17	11:00	13.21	11.86	1.35
2023-05-17T12:00	2023-05-17	12:00	13.25	12.79	0.46
2023-05-17T13:00	2023-05-17	13:00	13.34	13.9	-0.56
2023-05-17T14:00	2023-05-17	14:00	13.34	14.47	-1.13
2023-05-17T15:00	2023-05-17	15:00	13.35	14.77	-1.42
2023-05-17T16:00	2023-05-17	16:00	13.32	14.78	-1.46
2023-05-17T17:00	2023-05-17	17:00	13.2	14.68	-1.48
2023-05-17T18:00	2023-05-17	18:00	13.0	14.38	-1.38
2023-05-17T19:00	2023-05-17	19:00	12.79	14.08	-1.29
2023-05-17T20:00	2023-05-17	20:00	12.63	13.92	-1.29
2023-05-17T21:00	2023-05-17	21:00	12.52	13.31	-0.79
2023-05-17T22:00	2023-05-17	22:00	12.39	12.23	0.16
2023-05-17T23:00	2023-05-17	23:00	12.28	11.61	0.67
2023-05-18T00:00	2023-05-18	00:00	12.22	10.76	1.46
2023-05-18T01:00	2023-05-18	01:00	12.19	10.34	1.85
2023-05-18T02:00	2023-05-18	02:00	12.18	9.79	2.39
2023-05-18T03:00	2023-05-18	03:00	12.18	8.67	3.51
2023-05-18T04:00	2023-05-18	04:00	12.17	8.31	3.86
2023-05-18T05:00	2023-05-18	05:00	12.16	7.38	4.78
2023-05-18T06:00	2023-05-18	06:00	12.14	6.87	5.27
2023-05-18T07:00	2023-05-18	07:00	12.11	6.41	5.7
2023-05-18T08:00	2023-05-18	08:00	12.12	6.97	5.15
2023-05-18T09:00	2023-05-18	09:00	12.16	8.28	3.88
2023-05-18T10:00	2023-05-18	10:00	12.16	10.07	2.09
2023-05-18T11:00	2023-05-18	11:00	12.26	12.21	0.05
2023-05-18T12:00	2023-05-18	12:00	12.36	13.22	-0.86
2023-05-18T13:00	2023-05-18	13:00	12.42	14.75	-2.33
2023-05-18T14:00	2023-05-18	14:00	12.5	15.49	-2.99
2023-05-18T15:00	2023-05-18	15:00	12.55	16.08	-3.53
2023-05-18T16:00	2023-05-18	16:00	12.57	16.32	-3.75
2023-05-18T17:00	2023-05-18	17:00	12.59	16.3	-3.71
2023-05-18T18:00	2023-05-18	18:00	12.6	16.28	-3.68
2023-05-18T19:00	2023-05-18	19:00	12.56	15.87	-3.31
2023-05-18T20:00	2023-05-18	20:00	12.52	15.55	-3.03
2023-05-18T21:00	2023-05-18	21:00	12.51	15.08	-2.57
2023-05-18T22:00	2023-05-18	22:00	12.51	14.65	-2.14
2023-05-18T23:00	2023-05-18	23:00	12.52	14.32	-1.8
2023-05-19T00:00	2023-05-19	00:00	12.54	14.05	-1.51
2023-05-19T01:00	2023-05-19	01:00	12.52	13.68	-1.16
2023-05-19T02:00	2023-05-19	02:00	12.49	13.34	-0.85
2023-05-19T03:00	2023-05-19	03:00	12.47	13.19	-0.72
2023-05-19T04:00	2023-05-19	04:00	12.44	12.95	-0.51
2023-05-19T05:00	2023-05-19	05:00	12.41	12.79	-0.38
2023-05-19T06:00	2023-05-19	06:00	12.39	12.39	0.0
2023-05-19T07:00	2023-05-19	07:00	12.38	11.49	0.89
2023-05-19T08:00	2023-05-19	08:00	12.4	10.62	1.78
2023-05-19T09:00	2023-05-19	09:00	12.44	11.04	1.4
2023-05-19T10:00	2023-05-19	10:00	12.51	12.47	0.04
2023-05-19T11:00	2023-05-19	11:00	12.55	14.12	-1.57
2023-05-19T12:00	2023-05-19	12:00	12.57	14.67	-2.1
2023-05-19T13:00	2023-05-19	13:00	12.57	15.69	-3.12
2023-05-19T14:00	2023-05-19	14:00	12.62	15.98	-3.36
2023-05-19T15:00	2023-05-19	15:00	12.68	16.26	-3.58
2023-05-19T16:00	2023-05-19	16:00	12.68	16.61	-3.93
2023-05-19T17:00	2023-05-19	17:00	12.68	16.7	-4.02
2023-05-19T18:00	2023-05-19	18:00	12.67	16.68	-4.01
2023-05-19T19:00	2023-05-19	19:00	12.66	16.34	-3.68
2023-05-19T20:00	2023-05-19	20:00	12.67	15.76	-3.09
2023-05-19T21:00	2023-05-19	21:00	12.68	15.47	-2.79
2023-05-19T22:00	2023-05-19	22:00	12.7	15.01	-2.31
2023-05-19T23:00	2023-05-19	23:00	12.72	14.51	-1.79
2023-05-20T00:00	2023-05-20	00:00	12.76	14.33	-1.57
2023-05-20T01:00	2023-05-20	01:00	12.8	14.29	-1.49
2023-05-20T02:00	2023-05-20	02:00	12.82	13.52	-0.7
2023-05-20T03:00	2023-05-20	03:00	12.82	13.5	-0.68
2023-05-20T04:00	2023-05-20	04:00	12.8	13.33	-0.53
2023-05-20T05:00	2023-05-20	05:00	12.8	12.87	-0.07
2023-05-20T06:00	2023-05-20	06:00	12.78	12.7	0.08
2023-05-20T07:00	2023-05-20	07:00	12.77	12.68	0.09
2023-05-20T08:00	2023-05-20	08:00	12.77	12.69	0.08
2023-05-20T09:00	2023-05-20	09:00	12.78	12.83	-0.05
2023-05-20T10:00	2023-05-20	10:00	12.79	13.26	-0.47
2023-05-20T11:00	2023-05-20	11:00	12.83	13.94	-1.11
2023-05-20T12:00	2023-05-20	12:00	12.89	14.79	-1.9
2023-05-20T13:00	2023-05-20	13:00	12.97	16.56	-3.59
2023-05-20T14:00	2023-05-20	14:00	13.03	17.91	-4.88
2023-05-20T15:00	2023-05-20	15:00	13.05	18.45	-5.4
2023-05-20T16:00	2023-05-20	16:00	13.06	18.75	-5.69
2023-05-20T17:00	2023-05-20	17:00	13.05	18.87	-5.82
2023-05-20T18:00	2023-05-20	18:00	13.05	18.7	-5.65
2023-05-20T19:00	2023-05-20	19:00	13.05	18.37	-5.32
2023-05-20T20:00	2023-05-20	20:00	13.03	17.87	-4.84
2023-05-20T21:00	2023-05-20	21:00	13.02	17.0	-3.98
2023-05-20T22:00	2023-05-20	22:00	13.03	16.25	-3.22
2023-05-20T23:00	2023-05-20	23:00	13.03	15.9	-2.87
2023-05-21T00:00	2023-05-21	00:00	13.02	15.63	-2.61
2023-05-21T01:00	2023-05-21	01:00	13.01	15.22	-2.21
2023-05-21T02:00	2023-05-21	02:00	13.0	14.89	-1.89
2023-05-21T03:00	2023-05-21	03:00	13.01	14.68	-1.67
2023-05-21T04:00	2023-05-21	04:00	13.01	14.54	-1.53
2023-05-21T05:00	2023-05-21	05:00	13.01	14.16	-1.15
2023-05-21T06:00	2023-05-21	06:00	13.01	13.95	-0.94
2023-05-21T07:00	2023-05-21	07:00	13.02	13.6	-0.58
2023-05-21T08:00	2023-05-21	08:00	13.05	13.97	-0.92
2023-05-21T09:00	2023-05-21	09:00	13.07	15.23	-2.16
2023-05-21T10:00	2023-05-21	10:00	13.11	16.04	-2.93
2023-05-21T11:00	2023-05-21	11:00	13.2	16.69	-3.49
2023-05-21T12:00	2023-05-21	12:00	13.31	17.8	-4.49
2023-05-21T13:00	2023-05-21	13:00	13.42	19.66	-6.24
2023-05-21T14:00	2023-05-21	14:00	13.56	21.51	-7.95
2023-05-21T15:00	2023-05-21	15:00	13.67	23.22	-9.55
2023-05-21T16:00	2023-05-21	16:00	13.77	24.04	-10.27
2023-05-21T17:00	2023-05-21	17:00	13.83	24.72	-10.89
2023-05-21T18:00	2023-05-21	18:00	13.92	24.85	-10.93
2023-05-21T19:00	2023-05-21	19:00	13.99	24.75	-10.76
2023-05-21T20:00	2023-05-21	20:00	14.0	23.9	-9.9
2023-05-21T21:00	2023-05-21	21:00	14.0	22.85	-8.85
2023-05-21T22:00	2023-05-21	22:00	13.99	21.56	-7.57
2023-05-21T23:00	2023-05-21	23:00	13.98	19.97	-5.99
2023-05-22T00:00	2023-05-22	00:00	13.97	19.2	-5.23
2023-05-22T01:00	2023-05-22	01:00	14.0	17.82	-3.82
2023-05-22T02:00	2023-05-22	02:00	14.02	16.41	-2.39
2023-05-22T03:00	2023-05-22	03:00	14.03	15.4	-1.37
2023-05-22T04:00	2023-05-22	04:00	14.03	14.71	-0.68
2023-05-22T05:00	2023-05-22	05:00	14.05	14.98	-0.93
2023-05-22T06:00	2023-05-22	06:00	14.06	14.32	-0.26
2023-05-22T07:00	2023-05-22	07:00	14.07	14.2	-0.13
2023-05-22T08:00	2023-05-22	08:00	14.07	15.76	-1.69
2023-05-22T09:00	2023-05-22	09:00	14.09	17.93	-3.84
2023-05-22T10:00	2023-05-22	10:00	14.14	20.51	-6.37
2023-05-22T11:00	2023-05-22	11:00	14.21	22.52	-8.31
2023-05-22T12:00	2023-05-22	12:00	14.31	23.62	-9.31
2023-05-22T13:00	2023-05-22	13:00	14.43	24.36	-9.93
2023-05-22T14:00	2023-05-22	14:00	14.57	25.3	-10.73
2023-05-22T15:00	2023-05-22	15:00	14.71	25.85	-11.14
2023-05-22T16:00	2023-05-22	16:00	14.8	26.14	-11.34
2023-05-22T17:00	2023-05-22	17:00	14.82	26.48	-11.66
2023-05-22T18:00	2023-05-22	18:00	14.87	25.68	-10.81
2023-05-22T19:00	2023-05-22	19:00	14.93	25.28	-10.35
2023-05-22T20:00	2023-05-22	20:00	14.94	23.21	-8.27
2023-05-22T21:00	2023-05-22	21:00	14.91	20.6	-5.69
2023-05-22T22:00	2023-05-22	22:00	14.87	20.38	-5.51
2023-05-22T23:00	2023-05-22	23:00	14.82	19.8	-4.98
2023-05-23T00:00	2023-05-23	00:00	14.79	18.57	-3.78
2023-05-23T01:00	2023-05-23	01:00	14.81	17.61	-2.8
2023-05-23T02:00	2023-05-23	02:00	14.83	17.09	-2.26
2023-05-23T03:00	2023-05-23	03:00	14.85	15.94	-1.09
2023-05-23T04:00	2023-05-23	04:00	14.85	15.59	-0.74
2023-05-23T05:00	2023-05-23	05:00	14.84	16.04	-1.2
2023-05-23T06:00	2023-05-23	06:00	14.83	15.22	-0.39
2023-05-23T07:00	2023-05-23	07:00	14.83	16.05	-1.22
2023-05-23T08:00	2023-05-23	08:00	14.83	16.67	-1.84
2023-05-23T09:00	2023-05-23	09:00	14.82	17.3	-2.48
2023-05-23T10:00	2023-05-23	10:00	14.77	18.07	-3.3
2023-05-23T11:00	2023-05-23	11:00	14.74	18.81	-4.07
2023-05-23T12:00	2023-05-23	12:00	14.79	19.16	-4.37
2023-05-23T13:00	2023-05-23	13:00	14.86	21.09	-6.23
2023-05-23T14:00	2023-05-23	14:00	14.98	21.75	-6.77
2023-05-23T15:00	2023-05-23	15:00	15.17	22.23	-7.06
2023-05-23T16:00	2023-05-23	16:00	15.33	22.25	-6.92
2023-05-23T17:00	2023-05-23	17:00	15.43	21.79	-6.36
2023-05-23T18:00	2023-05-23	18:00	15.52	21.07	-5.55
2023-05-23T19:00	2023-05-23	19:00	15.54	20.45	-4.91
2023-05-23T20:00	2023-05-23	20:00	15.55	19.87	-4.32
2023-05-23T21:00	2023-05-23	21:00	15.53	19.04	-3.51
2023-05-23T22:00	2023-05-23	22:00	15.53	18.34	-2.81
2023-05-23T23:00	2023-05-23	23:00	15.55	16.61	-1.06
2023-05-24T00:00	2023-05-24	00:00	15.56	15.9	-0.34
2023-05-24T01:00	2023-05-24	01:00	15.53	15.8	-0.27
2023-05-24T02:00	2023-05-24	02:00	15.43	15.26	0.17
2023-05-24T03:00	2023-05-24	03:00	15.26	14.53	0.73
2023-05-24T04:00	2023-05-24	04:00	15.11	13.78	1.33
2023-05-24T05:00	2023-05-24	05:00	15.05	13.32	1.73
2023-05-24T06:00	2023-05-24	06:00	15.02	13.11	1.91
2023-05-24T07:00	2023-05-24	07:00	15.0	12.77	2.23
2023-05-24T08:00	2023-05-24	08:00	14.97	12.49	2.48
2023-05-24T09:00	2023-05-24	09:00	14.93	12.4	2.53
2023-05-24T10:00	2023-05-24	10:00	14.9	12.1	2.8
2023-05-24T11:00	2023-05-24	11:00	14.89	12.4	2.49
2023-05-24T12:00	2023-05-24	12:00	14.88	12.13	2.75
2023-05-24T13:00	2023-05-24	13:00	14.87	12.57	2.3
2023-05-24T14:00	2023-05-24	14:00	14.87	13.14	1.73
2023-05-24T15:00	2023-05-24	15:00	14.89	14.25	0.64
2023-05-24T16:00	2023-05-24	16:00	14.92	14.12	0.8
2023-05-24T17:00	2023-05-24	17:00	14.96	14.7	0.26
2023-05-24T18:00	2023-05-24	18:00	14.98	15.94	-0.96
2023-05-24T19:00	2023-05-24	19:00	14.99	16.08	-1.09
2023-05-24T20:00	2023-05-24	20:00	14.99	15.86	-0.87
2023-05-24T21:00	2023-05-24	21:00	14.98	15.62	-0.64
2023-05-24T22:00	2023-05-24	22:00	14.92	14.99	-0.07
2023-05-24T23:00	2023-05-24	23:00	14.86	14.41	0.45
2023-05-25T00:00	2023-05-25	00:00	14.84	14.13	0.71
2023-05-25T01:00	2023-05-25	01:00	14.83	12.86	1.97
2023-05-25T02:00	2023-05-25	02:00	14.84	12.24	2.6
2023-05-25T03:00	2023-05-25	03:00	14.87	11.51	3.36
2023-05-25T04:00	2023-05-25	04:00	14.88	11.25	3.63
2023-05-25T05:00	2023-05-25	05:00	14.87	11.17	3.7
2023-05-25T06:00	2023-05-25	06:00	14.86	11.21	3.65
2023-05-25T07:00	2023-05-25	07:00	14.86	11.06	3.8
2023-05-25T08:00	2023-05-25	08:00	14.86	11.01	3.85
2023-05-25T09:00	2023-05-25	09:00	14.86	11.74	3.12
2023-05-25T10:00	2023-05-25	10:00	14.83	13.66	1.17
2023-05-25T11:00	2023-05-25	11:00	14.8	14.87	-0.07
2023-05-25T12:00	2023-05-25	12:00	14.78	16.43	-1.65
2023-05-25T13:00	2023-05-25	13:00	14.81	17.55	-2.74
2023-05-25T14:00	2023-05-25	14:00	14.9	18.94	-4.04
2023-05-25T15:00	2023-05-25	15:00	15.0	19.6	-4.6
2023-05-25T16:00	2023-05-25	16:00	15.06	20.62	-5.56
2023-05-25T17:00	2023-05-25	17:00	15.09	21.0	-5.91
2023-05-25T18:00	2023-05-25	18:00	15.11	21.63	-6.52
2023-05-25T19:00	2023-05-25	19:00	15.16	21.62	-6.46
2023-05-25T20:00	2023-05-25	20:00	15.18	21.57	-6.39
2023-05-25T21:00	2023-05-25	21:00	15.15	20.91	-5.76
2023-05-25T22:00	2023-05-25	22:00	15.09	20.29	-5.2
2023-05-25T23:00	2023-05-25	23:00	15.07	19.77	-4.7
2023-05-26T00:00	2023-05-26	00:00	15.07	18.13	-3.06
2023-05-26T01:00	2023-05-26	01:00	15.06	17.42	-2.36
2023-05-26T02:00	2023-05-26	02:00	15.01	16.25	-1.24
2023-05-26T03:00	2023-05-26	03:00	14.97	15.69	-0.72
2023-05-26T04:00	2023-05-26	04:00	14.95	14.7	0.25
2023-05-26T05:00	2023-05-26	05:00	14.92	14.0	0.92
2023-05-26T06:00	2023-05-26	06:00	14.91	13.51	1.4
2023-05-26T07:00	2023-05-26	07:00	14.91	13.31	1.6
2023-05-26T08:00	2023-05-26	08:00	14.92	13.48	1.44
2023-05-26T09:00	2023-05-26	09:00	14.99	14.59	0.4
2023-05-26T10:00	2023-05-26	10:00	15.05	16.2	-1.15
2023-05-26T11:00	2023-05-26	11:00	15.08	17.78	-2.7
2023-05-26T12:00	2023-05-26	12:00	15.11	19.35	-4.24
2023-05-26T13:00	2023-05-26	13:00	15.17	20.18	-5.01
2023-05-26T14:00	2023-05-26	14:00	15.22	21.9	-6.68
2023-05-26T15:00	2023-05-26	15:00	15.3	23.05	-7.75
2023-05-26T16:00	2023-05-26	16:00	15.37	23.98	-8.61
2023-05-26T17:00	2023-05-26	17:00	15.44	24.44	-9.0
2023-05-26T18:00	2023-05-26	18:00	15.5	24.62	-9.12
2023-05-26T19:00	2023-05-26	19:00	15.54	23.92	-8.38
2023-05-26T20:00	2023-05-26	20:00	15.55	23.05	-7.5
2023-05-26T21:00	2023-05-26	21:00	15.55	22.26	-6.71
2023-05-26T22:00	2023-05-26	22:00	15.51	21.31	-5.8
2023-05-26T23:00	2023-05-26	23:00	15.4	20.22	-4.82
2023-05-27T00:00	2023-05-27	00:00	15.4	19.19	-3.79
2023-05-27T01:00	2023-05-27	01:00	15.43	18.37	-2.94
2023-05-27T02:00	2023-05-27	02:00	15.46	17.34	-1.88
2023-05-27T03:00	2023-05-27	03:00	15.46	16.37	-0.91
2023-05-27T04:00	2023-05-27	04:00	15.45	15.55	-0.1
2023-05-27T05:00	2023-05-27	05:00	15.43	14.64	0.79
2023-05-27T06:00	2023-05-27	06:00	15.42	13.75	1.67
2023-05-27T07:00	2023-05-27	07:00	15.41	13.52	1.89
2023-05-27T08:00	2023-05-27	08:00	15.43	14.17	1.26
2023-05-27T09:00	2023-05-27	09:00	15.47	15.24	0.23
2023-05-27T10:00	2023-05-27	10:00	15.53	16.7	-1.17
2023-05-27T11:00	2023-05-27	11:00	15.58	17.92	-2.34
2023-05-27T12:00	2023-05-27	12:00	15.64	18.85	-3.21
2023-05-27T13:00	2023-05-27	13:00	15.71	20.41	-4.7
2023-05-27T14:00	2023-05-27	14:00	15.8	22.22	-6.42
2023-05-27T15:00	2023-05-27	15:00	15.88	23.56	-7.68
2023-05-27T16:00	2023-05-27	16:00	15.98	24.28	-8.3
2023-05-27T17:00	2023-05-27	17:00	16.07	25.0	-8.93
2023-05-27T18:00	2023-05-27	18:00	16.14	25.23	-9.09
2023-05-27T19:00	2023-05-27	19:00	16.19	25.23	-9.04
2023-05-27T20:00	2023-05-27	20:00	16.22	24.53	-8.31
2023-05-27T21:00	2023-05-27	21:00	16.24	23.18	-6.94
2023-05-27T22:00	2023-05-27	22:00	16.25	21.88	-5.63
2023-05-27T23:00	2023-05-27	23:00	16.25	20.65	-4.4
2023-05-28T00:00	2023-05-28	00:00	16.21	18.94	-2.73
2023-05-28T01:00	2023-05-28	01:00	16.18	17.64	-1.46
2023-05-28T02:00	2023-05-28	02:00	16.14	16.34	-0.2
2023-05-28T03:00	2023-05-28	03:00	16.12	14.74	1.38
2023-05-28T04:00	2023-05-28	04:00	16.08	13.87	2.21
2023-05-28T05:00	2023-05-28	05:00	16.05	13.3	2.75
2023-05-28T06:00	2023-05-28	06:00	16.02	12.75	3.27
2023-05-28T07:00	2023-05-28	07:00	16.01	12.98	3.03
2023-05-28T08:00	2023-05-28	08:00	16.03	13.92	2.11
2023-05-28T09:00	2023-05-28	09:00	16.07	16.41	-0.34
2023-05-28T10:00	2023-05-28	10:00	16.13	18.89	-2.76
2023-05-28T11:00	2023-05-28	11:00	16.2	19.9	-3.7
2023-05-28T12:00	2023-05-28	12:00	16.28	20.76	-4.48
2023-05-28T13:00	2023-05-28	13:00	16.35	21.96	-5.61
2023-05-28T14:00	2023-05-28	14:00	16.42	23.28	-6.86
2023-05-28T15:00	2023-05-28	15:00	16.48	24.29	-7.81
2023-05-28T16:00	2023-05-28	16:00	16.54	25.21	-8.67
2023-05-28T17:00	2023-05-28	17:00	16.57	25.81	-9.24
2023-05-28T18:00	2023-05-28	18:00	16.61	25.73	-9.12
2023-05-28T19:00	2023-05-28	19:00	16.64	25.59	-8.95
2023-05-28T20:00	2023-05-28	20:00	16.65	25.12	-8.47
2023-05-28T21:00	2023-05-28	21:00	16.66	24.63	-7.97
2023-05-28T22:00	2023-05-28	22:00	16.64	23.15	-6.51
2023-05-28T23:00	2023-05-28	23:00	16.64	21.5	-4.86
2023-05-29T00:00	2023-05-29	00:00	16.64	20.1	-3.46
2023-05-29T01:00	2023-05-29	01:00	16.64	18.67	-2.03
2023-05-29T02:00	2023-05-29	02:00	16.63	17.13	-0.5
2023-05-29T03:00	2023-05-29	03:00	16.62	15.06	1.56
2023-05-29T04:00	2023-05-29	04:00	16.62	13.94	2.68
2023-05-29T05:00	2023-05-29	05:00	16.62	13.29	3.33
2023-05-29T06:00	2023-05-29	06:00	16.61	12.31	4.3
2023-05-29T07:00	2023-05-29	07:00	16.61	12.54	4.07
2023-05-29T08:00	2023-05-29	08:00	16.63	13.75	2.88
2023-05-29T09:00	2023-05-29	09:00	16.67	15.99	0.68
2023-05-29T10:00	2023-05-29	10:00	16.72	16.63	0.09
2023-05-29T11:00	2023-05-29	11:00	16.79	18.55	-1.76
2023-05-29T12:00	2023-05-29	12:00	16.85	20.7	-3.85
2023-05-29T13:00	2023-05-29	13:00	16.91	22.68	-5.77
2023-05-29T14:00	2023-05-29	14:00	16.98	24.2	-7.22
2023-05-29T15:00	2023-05-29	15:00	17.02	25.4	-8.38
2023-05-29T16:00	2023-05-29	16:00	17.05	26.93	-9.88
2023-05-29T17:00	2023-05-29	17:00	17.1	27.8	-10.7
2023-05-29T18:00	2023-05-29	18:00	17.13	26.94	-9.81
2023-05-29T19:00	2023-05-29	19:00	17.15	26.85	-9.7
2023-05-29T20:00	2023-05-29	20:00	17.16	25.95	-8.79
2023-05-29T21:00	2023-05-29	21:00	17.17	24.53	-7.36
2023-05-29T22:00	2023-05-29	22:00	17.18	23.26	-6.08
2023-05-29T23:00	2023-05-29	23:00	17.18	21.8	-4.62
2023-05-30T00:00	2023-05-30	00:00	17.17	19.52	-2.35
2023-05-30T01:00	2023-05-30	01:00	17.14	17.74	-0.6
2023-05-30T02:00	2023-05-30	02:00	17.11	16.1	1.01
2023-05-30T03:00	2023-05-30	03:00	17.07	15.57	1.5
2023-05-30T04:00	2023-05-30	04:00	17.03	15.17	1.86
2023-05-30T05:00	2023-05-30	05:00	17.0	14.75	2.25
2023-05-30T06:00	2023-05-30	06:00	16.96	14.31	2.65
2023-05-30T07:00	2023-05-30	07:00	16.93	14.04	2.89
2023-05-30T08:00	2023-05-30	08:00	16.91	14.75	2.16
2023-05-30T09:00	2023-05-30	09:00	16.94	15.29	1.65
2023-05-30T10:00	2023-05-30	10:00	16.98	16.94	0.04
2023-05-30T11:00	2023-05-30	11:00	17.03	18.79	-1.76
2023-05-30T12:00	2023-05-30	12:00	17.11	19.88	-2.77
2023-05-30T13:00	2023-05-30	13:00	17.18	20.9	-3.72
2023-05-30T14:00	2023-05-30	14:00	17.27	22.63	-5.36
2023-05-30T15:00	2023-05-30	15:00	17.32	23.69	-6.37
2023-05-30T16:00	2023-05-30	16:00	17.37	24.97	-7.6
2023-05-30T17:00	2023-05-30	17:00	17.39	25.19	-7.8
2023-05-30T18:00	2023-05-30	18:00	17.37	25.14	-7.77
2023-05-30T19:00	2023-05-30	19:00	17.38	24.52	-7.14
2023-05-30T20:00	2023-05-30	20:00	17.39	24.19	-6.8
2023-05-30T21:00	2023-05-30	21:00	17.41	23.64	-6.23
2023-05-30T22:00	2023-05-30	22:00	17.39	22.14	-4.75
2023-05-30T23:00	2023-05-30	23:00	17.39	21.09	-3.7
2023-05-31T00:00	2023-05-31	00:00	17.38	20.32	-2.94
2023-05-31T01:00	2023-05-31	01:00	17.36	18.72	-1.36
2023-05-31T02:00	2023-05-31	02:00	17.36	17.64	-0.28
2023-05-31T03:00	2023-05-31	03:00	17.37	16.33	1.04
2023-05-31T04:00	2023-05-31	04:00	17.38	15.27	2.11
2023-05-31T05:00	2023-05-31	05:00	17.4	14.34	3.06
2023-05-31T06:00	2023-05-31	06:00	17.4	13.86	3.54
2023-05-31T07:00	2023-05-31	07:00	17.39	13.86	3.53
2023-05-31T08:00	2023-05-31	08:00	17.41	14.48	2.93
2023-05-31T09:00	2023-05-31	09:00	17.44	15.31	2.13
2023-05-31T10:00	2023-05-31	10:00	17.49	17.42	0.07
2023-05-31T11:00	2023-05-31	11:00	17.54	18.67	-1.13
2023-05-31T12:00	2023-05-31	12:00	17.63	20.39	-2.76
2023-05-31T13:00	2023-05-31	13:00	17.71	22.49	-4.78
2023-05-31T14:00	2023-05-31	14:00	17.77	23.88	-6.11
2023-05-31T15:00	2023-05-31	15:00	17.81	25.25	-7.44
2023-05-31T16:00	2023-05-31	16:00	17.84	26.71	-8.87
2023-05-31T17:00	2023-05-31	17:00	17.91	26.93	-9.02
2023-05-31T18:00	2023-05-31	18:00	17.92	26.68	-8.76
2023-05-31T19:00	2023-05-31	19:00	17.9	26.37	-8.47
2023-05-31T20:00	2023-05-31	20:00	17.87	25.55	-7.68
2023-05-31T21:00	2023-05-31	21:00	17.86	24.39	-6.53
2023-05-31T22:00	2023-05-31	22:00	17.86	23.17	-5.31
2023-05-31T23:00	2023-05-31	23:00	17.86	21.78	-3.92
2023-06-01T00:00	2023-06-01	00:00	17.85	20.82	-2.97
2023-06-01T01:00	2023-06-01	01:00	17.83	19.52	-1.69
2023-06-01T02:00	2023-06-01	02:00	17.82	18.16	-0.34
2023-06-01T03:00	2023-06-01	03:00	17.82	17.33	0.49
2023-06-01T04:00	2023-06-01	04:00	17.8	16.53	1.27
2023-06-01T05:00	2023-06-01	05:00	17.79	15.38	2.41
2023-06-01T06:00	2023-06-01	06:00	17.77	14.42	3.35
2023-06-01T07:00	2023-06-01	07:00	17.76	14.5	3.26
2023-06-01T08:00	2023-06-01	08:00	17.77	15.75	2.02
2023-06-01T09:00	2023-06-01	09:00	17.81	17.72	0.09
2023-06-01T10:00	2023-06-01	10:00	17.87	19.76	-1.89
2023-06-01T11:00	2023-06-01	11:00	17.95	20.59	-2.64
2023-06-01T12:00	2023-06-01	12:00	18.01	22.36	-4.35
2023-06-01T13:00	2023-06-01	13:00	18.08	23.54	-5.46
2023-06-01T14:00	2023-06-01	14:00	18.11	24.85	-6.74
2023-06-01T15:00	2023-06-01	15:00	18.09	25.75	-7.66
2023-06-01T16:00	2023-06-01	16:00	18.06	26.06	-8.0
2023-06-01T17:00	2023-06-01	17:00	18.08	26.87	-8.79
2023-06-01T18:00	2023-06-01	18:00	18.1	27.21	-9.11
2023-06-01T19:00	2023-06-01	19:00	18.12	27.18	-9.06
2023-06-01T20:00	2023-06-01	20:00	18.12	26.21	-8.09
2023-06-01T21:00	2023-06-01	21:00	18.13	25.25	-7.12
2023-06-01T22:00	2023-06-01	22:00	18.14	24.38	-6.24
2023-06-01T23:00	2023-06-01	23:00	18.16	23.58	-5.42
2023-06-02T00:00	2023-06-02	00:00	18.18	21.55	-3.37
2023-06-02T01:00	2023-06-02	01:00	18.2	20.22	-2.02
2023-06-02T02:00	2023-06-02	02:00	18.17	19.38	-1.21
2023-06-02T03:00	2023-06-02	03:00	18.13	18.72	-0.59
2023-06-02T04:00	2023-06-02	04:00	18.13	17.85	0.28
2023-06-02T05:00	2023-06-02	05:00	18.14	17.17	0.97
2023-06-02T06:00	2023-06-02	06:00	18.14	16.38	1.76
2023-06-02T07:00	2023-06-02	07:00	18.15	15.88	2.27
2023-06-02T08:00	2023-06-02	08:00	18.15	15.49	2.66
2023-06-02T09:00	2023-06-02	09:00	18.18	15.81	2.37
2023-06-02T10:00	2023-06-02	10:00	18.23	16.83	1.4
2023-06-02T11:00	2023-06-02	11:00	18.29	17.97	0.32
2023-06-02T12:00	2023-06-02	12:00	18.28	19.72	-1.44
2023-06-02T13:00	2023-06-02	13:00	18.32	21.3	-2.98
2023-06-02T14:00	2023-06-02	14:00	18.35	22.44	-4.09
2023-06-02T15:00	2023-06-02	15:00	18.37	23.84	-5.47
2023-06-02T16:00	2023-06-02	16:00	18.41	24.74	-6.33
2023-06-02T17:00	2023-06-02	17:00	18.46	25.16	-6.7
2023-06-02T18:00	2023-06-02	18:00	18.53	24.84	-6.31
2023-06-02T19:00	2023-06-02	19:00	18.55	24.48	-5.93
2023-06-02T20:00	2023-06-02	20:00	18.57	23.79	-5.22
2023-06-02T21:00	2023-06-02	21:00	18.57	22.46	-3.89
2023-06-02T22:00	2023-06-02	22:00	18.57	21.02	-2.45
2023-06-02T23:00	2023-06-02	23:00	18.55	19.97	-1.42
2023-06-03T00:00	2023-06-03	00:00	18.45	19.03	-0.58
2023-06-03T01:00	2023-06-03	01:00	18.33	18.04	0.29
2023-06-03T02:00	2023-06-03	02:00	18.28	16.99	1.29
2023-06-03T03:00	2023-06-03	03:00	18.31	16.03	2.28
2023-06-03T04:00	2023-06-03	04:00	18.37	15.24	3.13
2023-06-03T05:00	2023-06-03	05:00	18.4	14.44	3.96
2023-06-03T06:00	2023-06-03	06:00	18.41	13.16	5.25
2023-06-03T07:00	2023-06-03	07:00	18.41	13.24	5.17
2023-06-03T08:00	2023-06-03	08:00	18.44	14.81	3.63
2023-06-03T09:00	2023-06-03	09:00	18.47	16.38	2.09
2023-06-03T10:00	2023-06-03	10:00	18.54	17.66	0.88
2023-06-03T11:00	2023-06-03	11:00	18.6	19.83	-1.23
2023-06-03T12:00	2023-06-03	12:00	18.67	20.3	-1.63
2023-06-03T13:00	2023-06-03	13:00	18.74	21.82	-3.08
2023-06-03T14:00	2023-06-03	14:00	18.77	23.12	-4.35
2023-06-03T15:00	2023-06-03	15:00	18.78	24.35	-5.57
2023-06-03T16:00	2023-06-03	16:00	18.82	25.47	-6.65
2023-06-03T17:00	2023-06-03	17:00	18.88	26.16	-7.28
2023-06-03T18:00	2023-06-03	18:00	18.91	26.63	-7.72
2023-06-03T19:00	2023-06-03	19:00	18.93	26.36	-7.43
2023-06-03T20:00	2023-06-03	20:00	18.95	25.66	-6.71
2023-06-03T21:00	2023-06-03	21:00	18.97	24.43	-5.46
2023-06-03T22:00	2023-06-03	22:00	19.0	23.26	-4.26
2023-06-03T23:00	2023-06-03	23:00	19.04	22.23	-3.19
2023-06-04T00:00	2023-06-04	00:00	19.07	20.74	-1.67
2023-06-04T01:00	2023-06-04	01:00	19.11	19.56	-0.45
2023-06-04T02:00	2023-06-04	02:00	19.13	18.77	0.36
2023-06-04T03:00	2023-06-04	03:00	19.14	17.13	2.01
2023-06-04T04:00	2023-06-04	04:00	19.17	17.1	2.07
2023-06-04T05:00	2023-06-04	05:00	19.19	16.22	2.97
2023-06-04T06:00	2023-06-04	06:00	19.18	15.54	3.64
2023-06-04T07:00	2023-06-04	07:00	19.14	15.47	3.67
2023-06-04T08:00	2023-06-04	08:00	19.14	16.02	3.12
2023-06-04T09:00	2023-06-04	09:00	19.19	18.28	0.91
2023-06-04T10:00	2023-06-04	10:00	19.25	20.35	-1.1
2023-06-04T11:00	2023-06-04	11:00	19.3	20.87	-1.57
2023-06-04T12:00	2023-06-04	12:00	19.36	21.75	-2.39
2023-06-04T13:00	2023-06-04	13:00	19.42	22.99	-3.57
2023-06-04T14:00	2023-06-04	14:00	19.47	24.86	-5.39
2023-06-04T15:00	2023-06-04	15:00	19.51	26.02	-6.51
2023-06-04T16:00	2023-06-04	16:00	19.52	25.24	-5.72
2023-06-04T17:00	2023-06-04	17:00	19.52	25.59	-6.07
2023-06-04T18:00	2023-06-04	18:00	19.54	24.89	-5.35
2023-06-04T19:00	2023-06-04	19:00	19.53	23.36	-3.83
2023-06-04T20:00	2023-06-04	20:00	19.56	21.96	-2.4
2023-06-04T21:00	2023-06-04	21:00	19.58	21.89	-2.31
2023-06-04T22:00	2023-06-04	22:00	19.57	19.75	-0.18
2023-06-04T23:00	2023-06-04	23:00	19.54	18.35	1.19
2023-06-05T00:00	2023-06-05	00:00	19.52	17.1	2.42
2023-06-05T01:00	2023-06-05	01:00	19.51	16.13	3.38
2023-06-05T02:00	2023-06-05	02:00	19.49	15.09	4.4
2023-06-05T03:00	2023-06-05	03:00	19.47	14.56	4.91
2023-06-05T04:00	2023-06-05	04:00	19.43	14.59	4.84
2023-06-05T05:00	2023-06-05	05:00	19.39	13.51	5.88
2023-06-05T06:00	2023-06-05	06:00	19.37	12.93	6.44
2023-06-05T07:00	2023-06-05	07:00	19.35	13.23	6.12
2023-06-05T08:00	2023-06-05	08:00	19.34	14.8	4.54
2023-06-05T09:00	2023-06-05	09:00	19.34	17.14	2.2
2023-06-05T10:00	2023-06-05	10:00	19.36	18.47	0.89
2023-06-05T11:00	2023-06-05	11:00	19.38	19.54	-0.16
2023-06-05T12:00	2023-06-05	12:00	19.41	21.45	-2.04
2023-06-05T13:00	2023-06-05	13:00	19.45	22.86	-3.41
2023-06-05T14:00	2023-06-05	14:00	19.49	24.14	-4.65
2023-06-05T15:00	2023-06-05	15:00	19.53	25.26	-5.73
2023-06-05T16:00	2023-06-05	16:00	19.55	25.52	-5.97
2023-06-05T17:00	2023-06-05	17:00	19.57	26.09	-6.52
2023-06-05T18:00	2023-06-05	18:00	19.56	26.58	-7.02
2023-06-05T19:00	2023-06-05	19:00	19.55	26.18	-6.63
2023-06-05T20:00	2023-06-05	20:00	19.55	25.22	-5.67
2023-06-05T21:00	2023-06-05	21:00	19.55	24.05	-4.5
2023-06-05T22:00	2023-06-05	22:00	19.55	23.41	-3.86
2023-06-05T23:00	2023-06-05	23:00	19.55	22.57	-3.02
2023-06-06T00:00	2023-06-06	00:00	19.53	21.65	-2.12
2023-06-06T01:00	2023-06-06	01:00	19.45	20.57	-1.12
2023-06-06T02:00	2023-06-06	02:00	19.38	19.6	-0.22
2023-06-06T03:00	2023-06-06	03:00	19.38	18.44	0.94
2023-06-06T04:00	2023-06-06	04:00	19.43	17.28	2.15
2023-06-06T05:00	2023-06-06	05:00	19.45	16.11	3.34
2023-06-06T06:00	2023-06-06	06:00	19.45	15.22	4.23
2023-06-06T07:00	2023-06-06	07:00	19.45	14.84	4.61
2023-06-06T08:00	2023-06-06	08:00	19.47	16.38	3.09
2023-06-06T09:00	2023-06-06	09:00	19.52	18.82	0.7
2023-06-06T10:00	2023-06-06	10:00	19.56	20.47	-0.91
2023-06-06T11:00	2023-06-06	11:00	19.63	21.94	-2.31
2023-06-06T12:00	2023-06-06	12:00	19.71	23.17	-3.46
2023-06-06T13:00	2023-06-06	13:00	19.76	24.83	-5.07
2023-06-06T14:00	2023-06-06	14:00	19.78	24.93	-5.15
2023-06-06T15:00	2023-06-06	15:00	19.73	25.81	-6.08
2023-06-06T16:00	2023-06-06	16:00	19.63	26.4	-6.77
2023-06-06T17:00	2023-06-06	17:00	19.6	26.99	-7.39
2023-06-06T18:00	2023-06-06	18:00	19.6	26.82	-7.22
2023-06-06T19:00	2023-06-06	19:00	19.62	26.57	-6.95
2023-06-06T20:00	2023-06-06	20:00	19.66	25.8	-6.14
2023-06-06T21:00	2023-06-06	21:00	19.68	24.83	-5.15
2023-06-06T22:00	2023-06-06	22:00	19.7	23.35	-3.65
2023-06-06T23:00	2023-06-06	23:00	19.72	21.16	-1.44
2023-06-07T00:00	2023-06-07	00:00	19.75	20.09	-0.34
2023-06-07T01:00	2023-06-07	01:00	19.75	19.15	0.6
2023-06-07T02:00	2023-06-07	02:00	19.73	18.54	1.19
2023-06-07T03:00	2023-06-07	03:00	19.66	18.49	1.17
2023-06-07T04:00	2023-06-07	04:00	19.64	16.87	2.77
2023-06-07T05:00	2023-06-07	05:00	19.69	15.84	3.85
2023-06-07T06:00	2023-06-07	06:00	19.75	14.49	5.26
2023-06-07T07:00	2023-06-07	07:00	19.8	15.0	4.8
2023-06-07T08:00	2023-06-07	08:00	19.87	16.8	3.07
2023-06-07T09:00	2023-06-07	09:00	19.93	18.61	1.32
2023-06-07T11:00	2023-06-07	11:00	20.09	22.39	-2.3
2023-06-07T12:00	2023-06-07	12:00	20.2	23.4	-3.2
2023-06-07T13:00	2023-06-07	13:00	20.28	24.51	-4.23
2023-06-07T14:00	2023-06-07	14:00	20.29	25.27	-4.98
2023-06-07T15:00	2023-06-07	15:00	20.25	26.35	-6.1
2023-06-07T16:00	2023-06-07	16:00	20.18	26.51	-6.33
2023-06-07T17:00	2023-06-07	17:00	20.1	26.93	-6.83
2023-06-07T18:00	2023-06-07	18:00	20.06	27.08	-7.02
2023-06-07T19:00	2023-06-07	19:00	20.07	26.57	-6.5
2023-06-07T20:00	2023-06-07	20:00	20.12	25.92	-5.8
2023-06-07T21:00	2023-06-07	21:00	20.19	24.83	-4.64
2023-06-07T22:00	2023-06-07	22:00	20.22	23.51	-3.29
2023-06-07T23:00	2023-06-07	23:00	20.24	22.51	-2.27
2023-06-08T00:00	2023-06-08	00:00	20.24	21.34	-1.1
2023-06-08T01:00	2023-06-08	01:00	20.2	18.78	1.42
2023-06-08T02:00	2023-06-08	02:00	20.05	17.44	2.61
2023-06-08T03:00	2023-06-08	03:00	19.9	16.57	3.33
2023-06-08T04:00	2023-06-08	04:00	19.85	16.27	3.58
2023-06-08T05:00	2023-06-08	05:00	19.94	15.41	4.53
2023-06-08T06:00	2023-06-08	06:00	20.08	15.46	4.62
2023-06-08T07:00	2023-06-08	07:00	20.2	15.31	4.89
2023-06-08T08:00	2023-06-08	08:00	20.27	15.25	5.02
2023-06-08T09:00	2023-06-08	09:00	20.35	16.05	4.3
2023-06-08T10:00	2023-06-08	10:00	20.44	17.88	2.56
2023-06-08T11:00	2023-06-08	11:00	20.57	21.16	-0.59
2023-06-08T12:00	2023-06-08	12:00	20.7	23.45	-2.75
2023-06-08T13:00	2023-06-08	13:00	20.8	25.03	-4.23
2023-06-08T14:00	2023-06-08	14:00	20.89	26.47	-5.58
2023-06-08T15:00	2023-06-08	15:00	20.95	27.12	-6.17
2023-06-08T16:00	2023-06-08	16:00	20.96	27.86	-6.9
2023-06-08T17:00	2023-06-08	17:00	20.86	27.01	-6.15
2023-06-08T18:00	2023-06-08	18:00	20.73	25.48	-4.75
2023-06-08T19:00	2023-06-08	19:00	20.71	26.8	-6.09
2023-06-08T20:00	2023-06-08	20:00	20.71	26.36	-5.65
2023-06-08T21:00	2023-06-08	21:00	20.73	25.7	-4.97
2023-06-08T22:00	2023-06-08	22:00	20.73	23.46	-2.73
2023-06-08T23:00	2023-06-08	23:00	20.68	22.19	-1.51
2023-06-09T00:00	2023-06-09	00:00	20.61	20.94	-0.33
2023-06-09T01:00	2023-06-09	01:00	20.58	20.08	0.5
2023-06-09T02:00	2023-06-09	02:00	20.56	18.94	1.62
2023-06-09T03:00	2023-06-09	03:00	20.54	17.96	2.58
2023-06-09T04:00	2023-06-09	04:00	20.51	16.88	3.63
2023-06-09T05:00	2023-06-09	05:00	20.42	15.8	4.62
2023-06-09T06:00	2023-06-09	06:00	20.32	15.11	5.21
2023-06-09T07:00	2023-06-09	07:00	20.34	15.2	5.14
2023-06-09T08:00	2023-06-09	08:00	20.44	16.83	3.61
2023-06-09T09:00	2023-06-09	09:00	20.59	19.37	1.22
2023-06-09T10:00	2023-06-09	10:00	20.72	21.66	-0.94
2023-06-09T11:00	2023-06-09	11:00	20.85	23.8	-2.95
2023-06-09T12:00	2023-06-09	12:00	20.99	25.16	-4.17
2023-06-09T13:00	2023-06-09	13:00	21.11	26.58	-5.47
2023-06-09T14:00	2023-06-09	14:00	21.2	27.75	-6.55
2023-06-09T15:00	2023-06-09	15:00	21.23	28.39	-7.16
2023-06-09T16:00	2023-06-09	16:00	21.25	28.87	-7.62
2023-06-09T17:00	2023-06-09	17:00	21.24	29.44	-8.2
2023-06-09T18:00	2023-06-09	18:00	21.2	29.68	-8.48
2023-06-09T19:00	2023-06-09	19:00	21.09	29.37	-8.28
2023-06-09T20:00	2023-06-09	20:00	21.02	28.15	-7.13
2023-06-09T21:00	2023-06-09	21:00	20.95	27.28	-6.33
2023-06-09T22:00	2023-06-09	22:00	20.92	26.1	-5.18
2023-06-09T23:00	2023-06-09	23:00	20.89	25.22	-4.33
2023-06-10T00:00	2023-06-10	00:00	20.84	23.49	-2.65
2023-06-10T01:00	2023-06-10	01:00	20.8	21.92	-1.12
2023-06-10T02:00	2023-06-10	02:00	20.77	21.26	-0.49
2023-06-10T03:00	2023-06-10	03:00	20.72	20.7	0.02
2023-06-10T04:00	2023-06-10	04:00	20.62	20.23	0.39
2023-06-10T05:00	2023-06-10	05:00	20.55	19.63	0.92
2023-06-10T06:00	2023-06-10	06:00	20.55	17.2	3.35
2023-06-10T07:00	2023-06-10	07:00	20.64	17.18	3.46
2023-06-10T08:00	2023-06-10	08:00	20.76	19.06	1.7
2023-06-10T09:00	2023-06-10	09:00	20.89	21.18	-0.29
2023-06-10T10:00	2023-06-10	10:00	21.0	22.73	-1.73
2023-06-10T11:00	2023-06-10	11:00	21.09	24.38	-3.29
2023-06-10T12:00	2023-06-10	12:00	21.21	25.15	-3.94
2023-06-10T13:00	2023-06-10	13:00	21.3	25.78	-4.48
2023-06-10T14:00	2023-06-10	14:00	21.37	26.64	-5.27
2023-06-10T15:00	2023-06-10	15:00	21.43	27.15	-5.72
2023-06-10T16:00	2023-06-10	16:00	21.5	28.0	-6.5
2023-06-10T17:00	2023-06-10	17:00	21.51	28.44	-6.93
2023-06-10T18:00	2023-06-10	18:00	21.49	28.22	-6.73
2023-06-10T19:00	2023-06-10	19:00	21.47	28.16	-6.69
2023-06-10T20:00	2023-06-10	20:00	21.42	27.18	-5.76
2023-06-10T21:00	2023-06-10	21:00	21.37	24.64	-3.27
2023-06-10T22:00	2023-06-10	22:00	21.32	22.15	-0.83
2023-06-10T23:00	2023-06-10	23:00	21.25	21.89	-0.64
2023-06-11T00:00	2023-06-11	00:00	21.2	19.7	1.5
2023-06-11T01:00	2023-06-11	01:00	21.16	19.12	2.04
2023-06-11T02:00	2023-06-11	02:00	21.11	18.41	2.7
2023-06-11T03:00	2023-06-11	03:00	21.11	17.58	3.53
2023-06-11T04:00	2023-06-11	04:00	21.14	17.01	4.13
2023-06-11T05:00	2023-06-11	05:00	21.17	16.73	4.44
2023-06-11T06:00	2023-06-11	06:00	21.19	16.2	4.99
2023-06-11T07:00	2023-06-11	07:00	21.24	16.63	4.61
2023-06-11T08:00	2023-06-11	08:00	21.33	18.92	2.41
2023-06-11T09:00	2023-06-11	09:00	21.43	21.29	0.14
2023-06-11T10:00	2023-06-11	10:00	21.55	22.6	-1.05
2023-06-11T11:00	2023-06-11	11:00	21.69	23.5	-1.81
2023-06-11T12:00	2023-06-11	12:00	21.83	25.36	-3.53
2023-06-11T13:00	2023-06-11	13:00	21.94	26.0	-4.06
2023-06-11T14:00	2023-06-11	14:00	22.0	27.45	-5.45
2023-06-11T15:00	2023-06-11	15:00	22.07	28.34	-6.27
2023-06-11T16:00	2023-06-11	16:00	22.08	28.08	-6.0
2023-06-11T17:00	2023-06-11	17:00	22.06	28.58	-6.52
2023-06-11T18:00	2023-06-11	18:00	22.01	27.54	-5.53
2023-06-11T19:00	2023-06-11	19:00	21.95	28.14	-6.19
2023-06-11T20:00	2023-06-11	20:00	21.82	26.78	-4.96
2023-06-11T21:00	2023-06-11	21:00	21.68	26.0	-4.32
2023-06-11T22:00	2023-06-11	22:00	21.58	25.6	-4.02
2023-06-11T23:00	2023-06-11	23:00	21.6	24.56	-2.96
2023-06-12T00:00	2023-06-12	00:00	21.65	23.83	-2.18
2023-06-12T01:00	2023-06-12	01:00	21.68	22.68	-1.0
2023-06-12T02:00	2023-06-12	02:00	21.69	21.4	0.29
2023-06-12T03:00	2023-06-12	03:00	21.69	20.53	1.16
2023-06-12T04:00	2023-06-12	04:00	21.68	18.33	3.35
2023-06-12T05:00	2023-06-12	05:00	21.68	17.0	4.68
2023-06-12T06:00	2023-06-12	06:00	21.68	16.35	5.33
2023-06-12T07:00	2023-06-12	07:00	21.69	16.82	4.87
2023-06-12T08:00	2023-06-12	08:00	21.72	18.89	2.83
2023-06-12T09:00	2023-06-12	09:00	21.8	21.51	0.29
2023-06-12T10:00	2023-06-12	10:00	21.87	22.8	-0.93
2023-06-12T11:00	2023-06-12	11:00	21.97	23.64	-1.67
2023-06-12T12:00	2023-06-12	12:00	22.07	24.68	-2.61
2023-06-12T13:00	2023-06-12	13:00	22.19	26.13	-3.94
2023-06-12T14:00	2023-06-12	14:00	22.3	27.53	-5.23
2023-06-12T15:00	2023-06-12	15:00	22.39	28.27	-5.88
2023-06-12T16:00	2023-06-12	16:00	22.47	28.79	-6.32
2023-06-12T17:00	2023-06-12	17:00	22.5	29.13	-6.63
2023-06-12T18:00	2023-06-12	18:00	22.51	29.32	-6.81
2023-06-12T19:00	2023-06-12	19:00	22.39	28.07	-5.68
2023-06-12T20:00	2023-06-12	20:00	22.32	27.27	-4.95
2023-06-12T21:00	2023-06-12	21:00	22.24	26.37	-4.13
2023-06-12T22:00	2023-06-12	22:00	22.18	25.17	-2.99
2023-06-12T23:00	2023-06-12	23:00	22.09	23.59	-1.5
2023-06-13T00:00	2023-06-13	00:00	22.01	22.59	-0.58
2023-06-13T01:00	2023-06-13	01:00	21.95	21.18	0.77
2023-06-13T02:00	2023-06-13	02:00	21.89	20.48	1.41
2023-06-13T03:00	2023-06-13	03:00	21.84	19.73	2.11
2023-06-13T04:00	2023-06-13	04:00	21.79	18.7	3.09
2023-06-13T05:00	2023-06-13	05:00	21.73	17.72	4.01
2023-06-13T06:00	2023-06-13	06:00	21.7	17.32	4.38
2023-06-13T07:00	2023-06-13	07:00	21.71	17.5	4.21
2023-06-13T08:00	2023-06-13	08:00	21.77	18.62	3.15
2023-06-13T09:00	2023-06-13	09:00	21.84	19.69	2.15
2023-06-13T10:00	2023-06-13	10:00	21.93	21.11	0.82
2023-06-13T11:00	2023-06-13	11:00	22.02	22.15	-0.13
2023-06-13T12:00	2023-06-13	12:00	22.14	23.14	-1.0
2023-06-13T13:00	2023-06-13	13:00	22.26	23.85	-1.59
2023-06-13T14:00	2023-06-13	14:00	22.37	24.68	-2.31
2023-06-13T15:00	2023-06-13	15:00	22.47	25.51	-3.04
2023-06-13T16:00	2023-06-13	16:00	22.52	26.26	-3.74
2023-06-13T17:00	2023-06-13	17:00	22.54	27.18	-4.64
2023-06-13T18:00	2023-06-13	18:00	22.49	27.75	-5.26
2023-06-13T19:00	2023-06-13	19:00	22.41	27.49	-5.08
2023-06-13T20:00	2023-06-13	20:00	22.33	26.56	-4.23
2023-06-13T21:00	2023-06-13	21:00	22.25	25.41	-3.16
2023-06-13T22:00	2023-06-13	22:00	22.18	23.99	-1.81
2023-06-13T23:00	2023-06-13	23:00	22.11	22.44	-0.33
2023-06-14T00:00	2023-06-14	00:00	22.03	21.27	0.76
2023-06-14T01:00	2023-06-14	01:00	21.96	19.86	2.1
2023-06-14T02:00	2023-06-14	02:00	21.89	18.93	2.96
2023-06-14T03:00	2023-06-14	03:00	21.84	16.87	4.97
2023-06-14T04:00	2023-06-14	04:00	21.8	14.83	6.97
2023-06-14T05:00	2023-06-14	05:00	21.77	13.95	7.82
2023-06-14T06:00	2023-06-14	06:00	21.74	13.19	8.55
2023-06-14T07:00	2023-06-14	07:00	21.76	13.45	8.31
2023-06-14T08:00	2023-06-14	08:00	21.81	15.24	6.57
2023-06-14T09:00	2023-06-14	09:00	21.86	18.0	3.86
2023-06-14T10:00	2023-06-14	10:00	21.97	19.64	2.33
2023-06-14T11:00	2023-06-14	11:00	22.06	20.79	1.27
2023-06-14T12:00	2023-06-14	12:00	22.18	22.48	-0.3
2023-06-14T13:00	2023-06-14	13:00	22.29	23.73	-1.44
2023-06-14T14:00	2023-06-14	14:00	22.37	24.98	-2.61
2023-06-14T15:00	2023-06-14	15:00	22.44	25.97	-3.53
2023-06-14T16:00	2023-06-14	16:00	22.45	26.48	-4.03
2023-06-14T17:00	2023-06-14	17:00	22.44	26.84	-4.4
2023-06-14T18:00	2023-06-14	18:00	22.37	26.69	-4.32
2023-06-14T19:00	2023-06-14	19:00	22.28	26.07	-3.79
2023-06-14T20:00	2023-06-14	20:00	22.17	25.41	-3.24
2023-06-14T21:00	2023-06-14	21:00	22.07	24.37	-2.3
2023-06-14T22:00	2023-06-14	22:00	21.99	23.46	-1.47
2023-06-14T23:00	2023-06-14	23:00	21.91	22.74	-0.83
2023-06-15T00:00	2023-06-15	00:00	21.84	21.62	0.22
2023-06-15T01:00	2023-06-15	01:00	21.78	20.42	1.36
2023-06-15T02:00	2023-06-15	02:00	21.7	19.24	2.46
2023-06-15T03:00	2023-06-15	03:00	21.64	18.28	3.36
2023-06-15T04:00	2023-06-15	04:00	21.6	17.12	4.48
2023-06-15T05:00	2023-06-15	05:00	21.55	15.53	6.02
2023-06-15T06:00	2023-06-15	06:00	21.52	15.31	6.21
2023-06-15T07:00	2023-06-15	07:00	21.51	15.41	6.1
2023-06-15T08:00	2023-06-15	08:00	21.52	16.69	4.83
2023-06-15T09:00	2023-06-15	09:00	21.58	18.19	3.39
2023-06-15T10:00	2023-06-15	10:00	21.65	20.04	1.61
2023-06-15T11:00	2023-06-15	11:00	21.74	21.27	0.47
2023-06-15T12:00	2023-06-15	12:00	21.84	22.98	-1.14
2023-06-15T13:00	2023-06-15	13:00	21.94	24.44	-2.5
2023-06-15T14:00	2023-06-15	14:00	22.0	25.19	-3.19
2023-06-15T15:00	2023-06-15	15:00	22.04	26.15	-4.11
2023-06-15T16:00	2023-06-15	16:00	22.09	26.34	-4.25
2023-06-15T17:00	2023-06-15	17:00	22.05	26.75	-4.7
2023-06-15T18:00	2023-06-15	18:00	21.98	27.22	-5.24
2023-06-15T19:00	2023-06-15	19:00	21.81	26.88	-5.07
2023-06-15T20:00	2023-06-15	20:00	21.66	25.87	-4.21
2023-06-15T21:00	2023-06-15	21:00	21.6	24.89	-3.29
2023-06-15T22:00	2023-06-15	22:00	21.57	24.17	-2.6
2023-06-15T23:00	2023-06-15	23:00	21.56	23.58	-2.02
2023-06-16T00:00	2023-06-16	00:00	21.54	22.21	-0.67
2023-06-16T01:00	2023-06-16	01:00	21.5	21.13	0.37
2023-06-16T02:00	2023-06-16	02:00	21.46	20.73	0.73
2023-06-16T03:00	2023-06-16	03:00	21.4	20.14	1.26
2023-06-16T04:00	2023-06-16	04:00	21.38	18.96	2.42
2023-06-16T05:00	2023-06-16	05:00	21.36	17.85	3.51
2023-06-16T06:00	2023-06-16	06:00	21.35	16.97	4.38
2023-06-16T07:00	2023-06-16	07:00	21.39	16.27	5.12
2023-06-16T08:00	2023-06-16	08:00	21.44	17.2	4.24
2023-06-16T09:00	2023-06-16	09:00	21.5	19.42	2.08
2023-06-16T10:00	2023-06-16	10:00	21.58	21.32	0.26
2023-06-16T11:00	2023-06-16	11:00	21.68	23.96	-2.28
2023-06-16T12:00	2023-06-16	12:00	21.79	24.53	-2.74
2023-06-16T13:00	2023-06-16	13:00	21.89	25.73	-3.84
2023-06-16T14:00	2023-06-16	14:00	21.95	26.66	-4.71
2023-06-16T15:00	2023-06-16	15:00	21.98	26.73	-4.75
2023-06-16T16:00	2023-06-16	16:00	22.0	27.12	-5.12
2023-06-16T17:00	2023-06-16	17:00	21.97	26.75	-4.78
2023-06-16T18:00	2023-06-16	18:00	21.93	26.79	-4.86
2023-06-16T19:00	2023-06-16	19:00	21.89	26.63	-4.74
2023-06-16T20:00	2023-06-16	20:00	21.8	26.63	-4.83
2023-06-16T21:00	2023-06-16	21:00	21.68	25.6	-3.92
2023-06-16T22:00	2023-06-16	22:00	21.62	24.42	-2.8
2023-06-16T23:00	2023-06-16	23:00	21.57	22.69	-1.12
2023-06-17T00:00	2023-06-17	00:00	21.53	21.65	-0.12
2023-06-17T01:00	2023-06-17	01:00	21.48	20.6	0.88
2023-06-17T02:00	2023-06-17	02:00	21.4	19.29	2.11
2023-06-17T03:00	2023-06-17	03:00	21.35	17.99	3.36
2023-06-17T04:00	2023-06-17	04:00	21.31	16.55	4.76
2023-06-17T05:00	2023-06-17	05:00	21.28	15.74	5.54
2023-06-17T06:00	2023-06-17	06:00	21.24	15.14	6.1
2023-06-17T07:00	2023-06-17	07:00	21.21	15.18	6.03
2023-06-17T08:00	2023-06-17	08:00	21.21	15.97	5.24
2023-06-17T09:00	2023-06-17	09:00	21.27	18.5	2.77
2023-06-17T10:00	2023-06-17	10:00	21.37	21.78	-0.41
2023-06-17T11:00	2023-06-17	11:00	21.51	24.45	-2.94
2023-06-17T12:00	2023-06-17	12:00	21.65	27.07	-5.42
2023-06-17T13:00	2023-06-17	13:00	21.77	27.99	-6.22
2023-06-17T14:00	2023-06-17	14:00	21.88	27.51	-5.63
2023-06-17T15:00	2023-06-17	15:00	21.99	28.49	-6.5
2023-06-17T16:00	2023-06-17	16:00	22.04	28.47	-6.43
2023-06-17T17:00	2023-06-17	17:00	22.07	28.57	-6.5
2023-06-17T18:00	2023-06-17	18:00	22.1	28.71	-6.61
2023-06-17T19:00	2023-06-17	19:00	22.07	29.0	-6.93
2023-06-17T20:00	2023-06-17	20:00	22.05	28.59	-6.54
2023-06-17T21:00	2023-06-17	21:00	22.0	27.76	-5.76
2023-06-17T22:00	2023-06-17	22:00	21.94	25.75	-3.81
2023-06-17T23:00	2023-06-17	23:00	21.86	23.47	-1.61
2023-06-18T00:00	2023-06-18	00:00	21.78	22.6	-0.82
2023-06-18T01:00	2023-06-18	01:00	21.68	21.21	0.47
2023-06-18T02:00	2023-06-18	02:00	21.59	19.6	1.99
2023-06-18T03:00	2023-06-18	03:00	21.51	18.49	3.02
2023-06-18T04:00	2023-06-18	04:00	21.46	17.91	3.55
2023-06-18T05:00	2023-06-18	05:00	21.39	17.18	4.21
2023-06-18T06:00	2023-06-18	06:00	21.35	16.62	4.73
2023-06-18T07:00	2023-06-18	07:00	21.33	17.07	4.26
2023-06-18T08:00	2023-06-18	08:00	21.34	18.57	2.77
2023-06-18T09:00	2023-06-18	09:00	21.39	20.67	0.72
2023-06-18T10:00	2023-06-18	10:00	21.49	23.58	-2.09
2023-06-18T11:00	2023-06-18	11:00	21.61	25.95	-4.34
2023-06-18T12:00	2023-06-18	12:00	21.73	28.22	-6.49
2023-06-18T13:00	2023-06-18	13:00	21.87	29.05	-7.18
2023-06-18T14:00	2023-06-18	14:00	22.02	30.48	-8.46
2023-06-18T15:00	2023-06-18	15:00	22.14	30.96	-8.82
2023-06-18T16:00	2023-06-18	16:00	22.22	31.4	-9.18
2023-06-18T17:00	2023-06-18	17:00	22.24	31.11	-8.87
2023-06-18T18:00	2023-06-18	18:00	22.2	29.31	-7.11
2023-06-18T19:00	2023-06-18	19:00	22.18	24.85	-2.67
2023-06-18T20:00	2023-06-18	20:00	22.14	23.98	-1.84
2023-06-18T21:00	2023-06-18	21:00	22.07	24.36	-2.29
2023-06-18T22:00	2023-06-18	22:00	22.0	23.83	-1.83
2023-06-18T23:00	2023-06-18	23:00	21.95	23.22	-1.27
2023-06-19T00:00	2023-06-19	00:00	21.89	22.62	-0.73
2023-06-19T01:00	2023-06-19	01:00	21.85	21.74	0.11
2023-06-19T02:00	2023-06-19	02:00	21.83	21.66	0.17
2023-06-19T03:00	2023-06-19	03:00	21.8	21.69	0.11
2023-06-19T04:00	2023-06-19	04:00	21.77	20.59	1.18
2023-06-19T05:00	2023-06-19	05:00	21.74	19.85	1.89
2023-06-19T06:00	2023-06-19	06:00	21.73	18.97	2.76
2023-06-19T07:00	2023-06-19	07:00	21.73	19.2	2.53
2023-06-19T08:00	2023-06-19	08:00	21.73	19.52	2.21
2023-06-19T09:00	2023-06-19	09:00	21.76	20.43	1.33
2023-06-19T10:00	2023-06-19	10:00	21.85	21.9	-0.05
2023-06-19T11:00	2023-06-19	11:00	22.0	24.38	-2.38
2023-06-19T12:00	2023-06-19	12:00	22.14	26.25	-4.11
2023-06-19T13:00	2023-06-19	13:00	22.27	27.16	-4.89
2023-06-19T14:00	2023-06-19	14:00	22.37	27.68	-5.31
2023-06-19T15:00	2023-06-19	15:00	22.52	26.33	-3.81
2023-06-19T16:00	2023-06-19	16:00	22.68	27.6	-4.92
2023-06-19T17:00	2023-06-19	17:00	22.79	28.83	-6.04
2023-06-19T18:00	2023-06-19	18:00	22.83	29.6	-6.77
2023-06-19T19:00	2023-06-19	19:00	22.85	30.21	-7.36
2023-06-19T20:00	2023-06-19	20:00	22.84	29.48	-6.64
2023-06-19T21:00	2023-06-19	21:00	22.79	28.84	-6.05
2023-06-19T22:00	2023-06-19	22:00	22.7	27.51	-4.81
2023-06-19T23:00	2023-06-19	23:00	22.62	26.21	-3.59
2023-06-20T00:00	2023-06-20	00:00	22.56	25.31	-2.75
2023-06-20T01:00	2023-06-20	01:00	22.51	22.83	-0.32
2023-06-20T02:00	2023-06-20	02:00	22.46	20.48	1.98
2023-06-20T03:00	2023-06-20	03:00	22.38	20.02	2.36
2023-06-20T04:00	2023-06-20	04:00	22.33	19.98	2.35
2023-06-20T05:00	2023-06-20	05:00	22.28	20.59	1.69
2023-06-20T06:00	2023-06-20	06:00	22.27	20.35	1.92
2023-06-20T07:00	2023-06-20	07:00	22.28	20.54	1.74
2023-06-20T08:00	2023-06-20	08:00	22.31	21.44	0.87
2023-06-20T09:00	2023-06-20	09:00	22.38	22.46	-0.08
2023-06-20T10:00	2023-06-20	10:00	22.48	23.92	-1.44
2023-06-20T11:00	2023-06-20	11:00	22.61	25.57	-2.96
2023-06-20T12:00	2023-06-20	12:00	22.76	27.27	-4.51
2023-06-20T13:00	2023-06-20	13:00	22.94	28.77	-5.83
2023-06-20T14:00	2023-06-20	14:00	23.11	30.22	-7.11
2023-06-20T15:00	2023-06-20	15:00	23.25	31.29	-8.04
2023-06-20T16:00	2023-06-20	16:00	23.35	31.94	-8.59
2023-06-20T17:00	2023-06-20	17:00	23.35	32.27	-8.92
2023-06-20T18:00	2023-06-20	18:00	23.36	23.94	-0.58
2023-06-20T19:00	2023-06-20	19:00	23.36	23.35	0.01
2023-06-20T20:00	2023-06-20	20:00	23.28	23.56	-0.28
2023-06-20T21:00	2023-06-20	21:00	23.16	23.69	-0.53
2023-06-20T22:00	2023-06-20	22:00	23.09	23.04	0.05
2023-06-20T23:00	2023-06-20	23:00	23.04	22.71	0.33
2023-06-21T00:00	2023-06-21	00:00	23.01	22.0	1.01
2023-06-21T01:00	2023-06-21	01:00	22.97	21.28	1.69
2023-06-21T02:00	2023-06-21	02:00	22.93	20.75	2.18
2023-06-21T03:00	2023-06-21	03:00	22.89	20.38	2.51
2023-06-21T04:00	2023-06-21	04:00	22.85	20.11	2.74
2023-06-21T05:00	2023-06-21	05:00	22.82	20.73	2.09
2023-06-21T06:00	2023-06-21	06:00	22.77	21.52	1.25
2023-06-21T07:00	2023-06-21	07:00	22.75	20.56	2.19
2023-06-21T08:00	2023-06-21	08:00	22.76	20.81	1.95
2023-06-21T09:00	2023-06-21	09:00	22.75	20.24	2.51
2023-06-21T10:00	2023-06-21	10:00	22.82	18.39	4.43
2023-06-21T11:00	2023-06-21	11:00	22.95	20.27	2.68
2023-06-21T12:00	2023-06-21	12:00	23.11	22.43	0.68
2023-06-21T13:00	2023-06-21	13:00	23.23	24.35	-1.12
2023-06-21T14:00	2023-06-21	14:00	23.34	25.23	-1.89
2023-06-21T15:00	2023-06-21	15:00	23.38	26.8	-3.42
2023-06-21T16:00	2023-06-21	16:00	23.32	26.26	-2.94
2023-06-21T17:00	2023-06-21	17:00	23.19	26.27	-3.08
2023-06-21T18:00	2023-06-21	18:00	23.03	25.9	-2.87
2023-06-21T19:00	2023-06-21	19:00	22.89	25.53	-2.64
2023-06-21T20:00	2023-06-21	20:00	22.84	23.91	-1.07
2023-06-21T21:00	2023-06-21	21:00	22.85	23.11	-0.26
2023-06-21T22:00	2023-06-21	22:00	22.87	22.67	0.2
2023-06-21T23:00	2023-06-21	23:00	22.86	21.9	0.96
2023-06-22T00:00	2023-06-22	00:00	22.83	21.58	1.25
2023-06-22T01:00	2023-06-22	01:00	22.8	20.8	2.0
2023-06-22T02:00	2023-06-22	02:00	22.78	20.55	2.23
2023-06-22T03:00	2023-06-22	03:00	22.76	20.14	2.62
2023-06-22T04:00	2023-06-22	04:00	22.72	19.8	2.92
2023-06-22T05:00	2023-06-22	05:00	22.69	19.38	3.31
2023-06-22T06:00	2023-06-22	06:00	22.68	18.55	4.13
2023-06-22T07:00	2023-06-22	07:00	22.67	18.36	4.31
2023-06-22T08:00	2023-06-22	08:00	22.72	18.98	3.74
2023-06-22T10:00	2023-06-22	10:00	22.85	21.41	1.44
2023-06-22T11:00	2023-06-22	11:00	22.93	23.9	-0.97
2023-06-22T12:00	2023-06-22	12:00	23.0	25.54	-2.54
2023-06-22T13:00	2023-06-22	13:00	23.09	26.48	-3.39
2023-06-22T14:00	2023-06-22	14:00	23.16	26.54	-3.38
2023-06-22T15:00	2023-06-22	15:00	23.19	26.77	-3.58
2023-06-22T16:00	2023-06-22	16:00	23.19	25.93	-2.74
2023-06-22T17:00	2023-06-22	17:00	23.18	25.84	-2.66
2023-06-22T18:00	2023-06-22	18:00	23.15	24.77	-1.62
2023-06-22T19:00	2023-06-22	19:00	23.04	24.18	-1.14
2023-06-22T20:00	2023-06-22	20:00	22.87	19.26	3.61
2023-06-22T21:00	2023-06-22	21:00	22.79	16.97	5.82
2023-06-22T22:00	2023-06-22	22:00	22.78	17.33	5.45
2023-06-22T23:00	2023-06-22	23:00	22.77	17.47	5.3
2023-06-23T00:00	2023-06-23	00:00	22.74	18.07	4.67
2023-06-23T01:00	2023-06-23	01:00	22.66	18.25	4.41
2023-06-23T02:00	2023-06-23	02:00	22.59	18.11	4.48
2023-06-23T03:00	2023-06-23	03:00	22.51	17.79	4.72
2023-06-23T04:00	2023-06-23	04:00	22.45	17.64	4.81
2023-06-23T05:00	2023-06-23	05:00	22.38	17.81	4.57
2023-06-23T06:00	2023-06-23	06:00	22.35	17.95	4.4
2023-06-23T07:00	2023-06-23	07:00	22.33	18.04	4.29
2023-06-23T08:00	2023-06-23	08:00	22.33	18.22	4.11
2023-06-23T09:00	2023-06-23	09:00	22.37	18.94	3.43
2023-06-23T10:00	2023-06-23	10:00	22.4	19.71	2.69
2023-06-23T11:00	2023-06-23	11:00	22.45	20.66	1.79
2023-06-23T12:00	2023-06-23	12:00	22.49	21.72	0.77
